12.083,12.083,12.083,12.083,12.083,12.083,12.083,12.083,12.083,12.083,12.083,12.083,12.083,12.083,12.083,12.083,12.083,12.083,12.083,12.083,12.083,12.083,1,1,1,1,1,1,1,1,1,1,1,1,1,1,1,1,1,1,1,1,1,1,1,1,12.083,12.083,12.083,12.083,12.083,12.083,12.083,12.083,12.083,12.083,12.083,12.083,12.083,12.083,12.083,12.083,12.083,12.083,12.083,12.083,12.083,12.083,12.083,12.083,12.083,12.083,12.083,12.083,12.083,12.083,12.083,12.083,12.083,12.083,12.083,12.083,12.083,12.083,12.083,12.083,12.083,12.083,12.083,12.083,12.083,12.083,12.083,12.083,12.083,9.5087,1.0001,1,1,1,1,1,1,1,1,1,1,1,1,1,1,1,12.075,12.083,12.083,12.083,12.083,12.083,12.083,12.083,12.083,12.083,12.083,12.083,12.083,12.083,12.083,12.083,12.083,12.083,12.083,12.081,6.9532,1.0024,1,1,1,1,1,1,1.0408,11.852,12.083,12.083,12.083,12.083,12.083,12.083,12.083,12.083,12.083,12.083,12.083,12.083,12.083,12.083,12.083,12.083,12.083,12.083,12.083,12.083,12.083,12.083,1.067,1,1,1,1,1,1,1,1,1,1,1,1,1,1,1,1.0004,1.0011,1.0002,1,1,1,1.0002,1.1362,12.063,12.083,12.083,12.083,12.083,12.083,12.083,12.083,12.083,12.083,12.083,12.083,12.083,12.083,12.083,12.083,12.083,12.083,12.083,12.083,12.083,12.083,12.083,12.083,12.083,12.083,12.083,12.083,12.083,12.083,12.083,12.063,1.1362,1.0002,1,1,1,1.0002,1.0011,1.0004,1,1,1,1,1,1,1,1,1,1,1,1,1,1,1,1.067,12.083,12.083,12.083,12.083,12.083,12.083,12.083,12.083,12.083,12.083,12.083,12.083,12.083,12.083,12.083,12.083,12.083,12.083,12.083,12.083,12.083,12.083,11.852,1.0408,1,1,1,1,1,1,1.0024,6.9532,12.081,12.083,12.083,12.083,12.083,12.083,12.083,12.083,12.083,12.083,12.083,12.083,12.083,12.083,12.083,12.083,12.083,12.083,12.083,12.075,1,1,1,1,1,1,1,1,1,1,1,1,1,1,1,1.0001,9.5087,12.083,12.083,12.083,12.083,12.083,12.083,12.083,12.083,12.083,12.083,12.083,12.083,12.083,12.083,12.083,12.083,12.083,12.083,12.083,12.083,12.083,12.083,12.083,12.083,12.083,12.083,12.083,12.083,12.083,12.083,12.083,12.083,12.083,12.083,12.083,12.083,12.083,12.083,12.083,12.083,12.083,12.083,12.083,12.083,12.083,12.083,12.083,12.083,12.083,1,1,1,1,1,1,1,1,1,1,1,1,1,1,1,1,1,1,1,1,1,1,1,1,12.083,12.083,12.083,12.083,12.083,12.083,12.083,12.083,12.083,12.083,12.083,12.083,12.083,12.083,12.083,12.083,12.083,12.083,12.083,12.083,12.083,12.083
12.083,12.083,12.083,12.083,12.083,12.083,12.083,12.083,12.083,12.083,12.083,12.083,12.083,12.083,12.083,12.083,12.083,12.083,12.083,12.083,12.083,12.083,1,1,1,1,1,1,1,1,1,1,1,1,1,1,1,1,1,1,1,1,1,1,1,1,12.083,12.083,12.083,12.083,12.083,12.083,12.083,12.083,12.083,12.083,12.083,12.083,12.083,12.083,12.083,12.083,12.083,12.083,12.083,12.083,12.083,12.083,12.083,12.083,12.083,12.083,12.083,12.083,12.083,12.083,12.083,12.083,12.083,12.083,12.083,12.083,12.083,12.083,12.083,12.083,12.083,12.083,12.083,12.083,12.083,12.083,12.083,12.083,12.082,1.7876,1,1,1,1,1,1,1,1,1,1,1,1,1,1,1,1,12.07,12.083,12.083,12.083,12.083,12.083,12.083,12.083,12.083,12.083,12.083,12.083,12.083,12.083,12.083,12.083,12.083,12.083,12.083,12.077,1.627,1.0001,1,1,1,1,1,1,1.0337,11.949,12.083,12.083,12.083,12.083,12.083,12.083,12.083,12.083,12.083,12.083,12.083,12.083,12.083,12.083,12.083,12.083,12.083,12.083,12.083,12.083,12.083,12.083,1.1121,1,1,1,1,1,1,1,1,1,1,1,1,1,1,1,1,1,1,1,1,1,1.0002,1.2433,12.074,12.083,12.083,12.083,12.083,12.083,12.083,12.083,12.083,12.083,12.083,12.083,12.083,12.083,12.083,12.083,12.083,12.083,12.083,12.083,12.083,12.083,12.083,12.083,12.083,12.083,12.083,12.083,12.083,12.083,12.083,12.074,1.2433,1.0002,1,1,1,1,1,1,1,1,1,1,1,1,1,1,1,1,1,1,1,1,1,1.1121,12.083,12.083,12.083,12.083,12.083,12.083,12.083,12.083,12.083,12.083,12.083,12.083,12.083,12.083,12.083,12.083,12.083,12.083,12.083,12.083,12.083,12.083,11.949,1.0337,1,1,1,1,1,1,1.0001,1.627,12.077,12.083,12.083,12.083,12.083,12.083,12.083,12.083,12.083,12.083,12.083,12.083,12.083,12.083,12.083,12.083,12.083,12.083,12.083,12.07,1,1,1,1,1,1,1,1,1,1,1,1,1,1,1,1,1.7876,12.082,12.083,12.083,12.083,12.083,12.083,12.083,12.083,12.083,12.083,12.083,12.083,12.083,12.083,12.083,12.083,12.083,12.083,12.083,12.083,12.083,12.083,12.083,12.083,12.083,12.083,12.083,12.083,12.083,12.083,12.083,12.083,12.083,12.083,12.083,12.083,12.083,12.083,12.083,12.083,12.083,12.083,12.083,12.083,12.083,12.083,12.083,12.083,12.083,1,1,1,1,1,1,1,1,1,1,1,1,1,1,1,1,1,1,1,1,1,1,1,1,12.083,12.083,12.083,12.083,12.083,12.083,12.083,12.083,12.083,12.083,12.083,12.083,12.083,12.083,12.083,12.083,12.083,12.083,12.083,12.083,12.083,12.083
12.083,12.083,12.083,12.083,12.083,12.083,12.083,12.083,12.083,12.083,12.083,12.083,12.083,12.083,12.083,12.083,12.083,12.083,12.083,12.083,12.083,12.083,1,1,1,1,1,1,1,1,1,1,1,1,1,1,1,1,1,1,1,1,1,1,1,1,12.083,12.083,12.083,12.083,12.083,12.083,12.083,12.083,12.083,12.083,12.083,12.083,12.083,12.083,12.083,12.083,12.083,12.083,12.083,12.083,12.083,12.083,12.083,12.083,12.083,12.083,12.083,12.083,12.083,12.083,12.083,12.083,12.083,12.083,12.083,12.083,12.083,12.083,12.083,12.083,12.083,12.083,12.083,12.083,12.083,12.083,12.083,12.083,12.062,1.0017,1,1,1,1,1,1,1,1,1,1,1,1,1,1,1,1,12.051,12.083,12.083,12.083,12.083,12.083,12.083,12.083,12.083,12.083,12.083,12.083,12.083,12.083,12.083,12.083,12.083,12.083,12.083,12.06,1.0236,1,1,1,1,1,1,1,1.0536,12.054,12.083,12.083,12.083,12.083,12.083,12.083,12.083,12.083,12.083,12.083,12.083,12.083,12.083,12.083,12.083,12.083,12.083,12.083,12.083,12.083,12.083,12.083,1.3053,1,1,1,1,1,1,1,1,1,1,1,1,1,1,1,1,1,1,1,1,1,1.0001,2.1939,12.081,12.083,12.083,12.083,12.083,12.083,12.083,12.083,12.083,12.083,12.083,12.083,12.083,12.083,12.083,12.083,12.083,12.083,12.083,12.083,12.083,12.083,12.083,12.083,12.083,12.083,12.083,12.083,12.083,12.083,12.083,12.081,2.1939,1.0001,1,1,1,1,1,1,1,1,1,1,1,1,1,1,1,1,1,1,1,1,1,1.3053,12.083,12.083,12.083,12.083,12.083,12.083,12.083,12.083,12.083,12.083,12.083,12.083,12.083,12.083,12.083,12.083,12.083,12.083,12.083,12.083,12.083,12.083,12.054,1.0536,1,1,1,1,1,1,1,1.0236,12.06,12.083,12.083,12.083,12.083,12.083,12.083,12.083,12.083,12.083,12.083,12.083,12.083,12.083,12.083,12.083,12.083,12.083,12.083,12.051,1,1,1,1,1,1,1,1,1,1,1,1,1,1,1,1,1.0017,12.062,12.083,12.083,12.083,12.083,12.083,12.083,12.083,12.083,12.083,12.083,12.083,12.083,12.083,12.083,12.083,12.083,12.083,12.083,12.083,12.083,12.083,12.083,12.083,12.083,12.083,12.083,12.083,12.083,12.083,12.083,12.083,12.083,12.083,12.083,12.083,12.083,12.083,12.083,12.083,12.083,12.083,12.083,12.083,12.083,12.083,12.083,12.083,12.083,1,1,1,1,1,1,1,1,1,1,1,1,1,1,1,1,1,1,1,1,1,1,1,1,12.083,12.083,12.083,12.083,12.083,12.083,12.083,12.083,12.083,12.083,12.083,12.083,12.083,12.083,12.083,12.083,12.083,12.083,12.083,12.083,12.083,12.083
12.083,12.083,12.083,12.083,12.083,12.083,12.083,12.083,12.083,12.083,12.083,12.083,12.083,12.083,12.083,12.083,12.083,12.083,12.083,12.083,12.083,12.083,12.083,1,1,1,1,1,1,1,1,1,1,1,1,1,1,1,1,1,1,1,1,1,1,12.083,12.083,12.083,12.083,12.083,12.083,12.083,12.083,12.083,12.083,12.083,12.083,12.083,12.083,12.083,12.083,12.083,12.083,12.083,12.083,12.083,12.083,12.083,12.083,12.083,12.083,12.083,12.083,12.083,12.083,12.083,12.083,12.083,12.083,12.083,12.083,12.083,12.083,12.083,12.083,12.083,12.083,12.083,12.083,12.083,12.083,12.083,12.083,12.083,3.4631,1,1,1,1,1,1,1,1,1,1,1,1,1,1,1,1,1,11.974,12.083,12.083,12.083,12.083,12.083,12.083,12.083,12.083,12.083,12.083,12.083,12.083,12.083,12.083,12.083,12.083,12.083,12.083,12.067,1.0115,1,1,1,1,1,1,1,2.8673,12.082,12.083,12.083,12.083,12.083,12.083,12.083,12.083,12.083,12.083,12.083,12.083,12.083,12.083,12.083,12.083,12.083,12.083,12.083,12.083,12.083,12.083,12.083,2.0137,1,1,1,1,1,1,1,1,1,1,1,1,1,1,1,1,1,1,1,1,1,1.0004,7.9919,12.082,12.083,12.083,12.083,12.083,12.083,12.083,12.083,12.083,12.083,12.083,12.083,12.083,12.083,12.083,12.083,12.083,12.083,12.083,12.083,12.083,12.083,12.083,12.083,12.083,12.083,12.083,12.083,12.083,12.083,12.083,12.082,7.9919,1.0004,1,1,1,1,1,1,1,1,1,1,1,1,1,1,1,1,1,1,1,1,1,2.0137,12.083,12.083,12.083,12.083,12.083,12.083,12.083,12.083,12.083,12.083,12.083,12.083,12.083,12.083,12.083,12.083,12.083,12.083,12.083,12.083,12.083,12.083,12.082,2.8673,1,1,1,1,1,1,1,1.0115,12.067,12.083,12.083,12.083,12.083,12.083,12.083,12.083,12.083,12.083,12.083,12.083,12.083,12.083,12.083,12.083,12.083,12.083,12.083,11.974,1,1,1,1,1,1,1,1,1,1,1,1,1,1,1,1,1,3.4631,12.083,12.083,12.083,12.083,12.083,12.083,12.083,12.083,12.083,12.083,12.083,12.083,12.083,12.083,12.083,12.083,12.083,12.083,12.083,12.083,12.083,12.083,12.083,12.083,12.083,12.083,12.083,12.083,12.083,12.083,12.083,12.083,12.083,12.083,12.083,12.083,12.083,12.083,12.083,12.083,12.083,12.083,12.083,12.083,12.083,12.083,12.083,12.083,12.083,1,1,1,1,1,1,1,1,1,1,1,1,1,1,1,1,1,1,1,1,1,1,12.083,12.083,12.083,12.083,12.083,12.083,12.083,12.083,12.083,12.083,12.083,12.083,12.083,12.083,12.083,12.083,12.083,12.083,12.083,12.083,12.083,12.083,12.083
12.083,12.083,12.083,12.083,12.083,12.083,12.083,12.083,12.083,12.083,12.083,12.083,12.083,12.083,12.083,12.083,12.083,12.083,12.083,12.083,12.083,12.083,12.083,1,1,1,1,1,1,1,1,1,1,1,1,1,1,1,1,1,1,1,1,1,1,12.083,12.083,12.083,12.083,12.083,12.083,12.083,12.083,12.083,12.083,12.083,12.083,12.083,12.083,12.083,12.083,12.083,12.083,12.083,12.083,12.083,12.083,12.083,12.083,12.083,12.083,12.083,12.083,12.083,12.083,12.083,12.083,12.083,12.083,12.083,12.083,12.083,12.083,12.083,12.083,12.083,12.083,12.083,12.083,12.083,12.083,12.083,12.083,12.061,1.0004,1,1,1,1,1,1,1,1,1,1,1,1,1,1,1,1,1,11.59,12.083,12.083,12.083,12.083,12.083,12.083,12.083,12.083,12.083,12.083,12.083,12.083,12.083,12.083,12.083,12.083,12.083,12.083,12.082,1.6668,1,1,1,1,1,1,1.0088,12.011,12.083,12.083,12.083,12.083,12.083,12.083,12.083,12.083,12.083,12.083,12.083,12.083,12.083,12.083,12.083,12.083,12.083,12.083,12.083,12.083,12.083,12.083,12.083,2.7434,1,1,1,1,1,1,1,1,1,1,1,1,1,1,1,1,1,1,1,1,1,1.008,11.895,12.083,12.083,12.083,12.083,12.083,12.083,12.083,12.083,12.083,12.083,12.083,12.083,12.083,12.083,12.083,12.083,12.083,12.083,12.083,12.083,12.083,12.083,12.083,12.083,12.083,12.083,12.083,12.083,12.083,12.083,12.083,12.083,11.895,1.008,1,1,1,1,1,1,1,1,1,1,1,1,1,1,1,1,1,1,1,1,1,2.7434,12.083,12.083,12.083,12.083,12.083,12.083,12.083,12.083,12.083,12.083,12.083,12.083,12.083,12.083,12.083,12.083,12.083,12.083,12.083,12.083,12.083,12.083,12.083,12.011,1.0088,1,1,1,1,1,1,1.6668,12.082,12.083,12.083,12.083,12.083,12.083,12.083,12.083,12.083,12.083,12.083,12.083,12.083,12.083,12.083,12.083,12.083,12.083,12.083,11.59,1,1,1,1,1,1,1,1,1,1,1,1,1,1,1,1,1,1.0004,12.061,12.083,12.083,12.083,12.083,12.083,12.083,12.083,12.083,12.083,12.083,12.083,12.083,12.083,12.083,12.083,12.083,12.083,12.083,12.083,12.083,12.083,12.083,12.083,12.083,12.083,12.083,12.083,12.083,12.083,12.083,12.083,12.083,12.083,12.083,12.083,12.083,12.083,12.083,12.083,12.083,12.083,12.083,12.083,12.083,12.083,12.083,12.083,12.083,1,1,1,1,1,1,1,1,1,1,1,1,1,1,1,1,1,1,1,1,1,1,12.083,12.083,12.083,12.083,12.083,12.083,12.083,12.083,12.083,12.083,12.083,12.083,12.083,12.083,12.083,12.083,12.083,12.083,12.083,12.083,12.083,12.083,12.083
12.083,12.083,12.083,12.083,12.083,12.083,12.083,12.083,12.083,12.083,12.083,12.083,12.083,12.083,12.083,12.083,12.083,12.083,12.083,12.083,12.083,12.083,12.083,12.083,1,1,1,1,1,1,1,1,1,1,1,1,1,1,1,1,1,1,1,1,12.083,12.083,12.083,12.083,12.083,12.083,12.083,12.083,12.083,12.083,12.083,12.083,12.083,12.083,12.083,12.083,12.083,12.083,12.083,12.083,12.083,12.083,12.083,12.083,12.083,12.083,12.083,12.083,12.083,12.083,12.083,12.083,12.083,12.083,12.083,12.083,12.083,12.083,12.083,12.083,12.083,12.083,12.083,12.083,12.083,12.083,12.083,12.083,12.083,4.0122,1,1,1,1,1,1,1,1,1,1,1,1,1,1,1,1,1,1,9.4462,12.083,12.083,12.083,12.083,12.083,12.083,12.083,12.083,12.083,12.083,12.083,12.083,12.083,12.083,12.083,12.083,12.083,12.083,12.083,12.045,1.0444,1,1,1,1,1.0175,11.937,12.083,12.083,12.083,12.083,12.083,12.083,12.083,12.083,12.083,12.083,12.083,12.083,12.083,12.083,12.083,12.083,12.083,12.083,12.083,12.083,12.083,12.083,12.083,12.083,3.219,1,1,1,1,1,1,1,1,1,1,1,1,1,1,1,1,1,1,1,1,1.0008,5.3522,12.081,12.083,12.083,12.083,12.083,12.083,12.083,12.083,12.083,12.083,12.083,12.083,12.083,12.083,12.083,12.083,12.083,12.083,12.083,12.083,12.083,12.083,12.083,12.083,12.083,12.083,12.083,12.083,12.083,12.083,12.083,12.083,12.083,12.081,5.3522,1.0008,1,1,1,1,1,1,1,1,1,1,1,1,1,1,1,1,1,1,1,1,3.219,12.083,12.083,12.083,12.083,12.083,12.083,12.083,12.083,12.083,12.083,12.083,12.083,12.083,12.083,12.083,12.083,12.083,12.083,12.083,12.083,12.083,12.083,12.083,12.083,11.937,1.0175,1,1,1,1,1.0444,12.045,12.083,12.083,12.083,12.083,12.083,12.083,12.083,12.083,12.083,12.083,12.083,12.083,12.083,12.083,12.083,12.083,12.083,12.083,12.083,9.4462,1,1,1,1,1,1,1,1,1,1,1,1,1,1,1,1,1,1,4.0122,12.083,12.083,12.083,12.083,12.083,12.083,12.083,12.083,12.083,12.083,12.083,12.083,12.083,12.083,12.083,12.083,12.083,12.083,12.083,12.083,12.083,12.083,12.083,12.083,12.083,12.083,12.083,12.083,12.083,12.083,12.083,12.083,12.083,12.083,12.083,12.083,12.083,12.083,12.083,12.083,12.083,12.083,12.083,12.083,12.083,12.083,12.083,12.083,12.083,1,1,1,1,1,1,1,1,1,1,1,1,1,1,1,1,1,1,1,1,12.083,12.083,12.083,12.083,12.083,12.083,12.083,12.083,12.083,12.083,12.083,12.083,12.083,12.083,12.083,12.083,12.083,12.083,12.083,12.083,12.083,12.083,12.083,12.083
12.083,12.083,12.083,12.083,12.083,12.083,12.083,12.083,12.083,12.083,12.083,12.083,12.083,12.083,12.083,12.083,12.083,12.083,12.083,12.083,12.083,12.083,12.083,12.083,1,1,1,1,1,1,1,1,1,1,1,1,1,1,1,1,1,1,1,1,12.083,12.083,12.083,12.083,12.083,12.083,12.083,12.083,12.083,12.083,12.083,12.083,12.083,12.083,12.083,12.083,12.083,12.083,12.083,12.083,12.083,12.083,12.083,12.083,12.083,12.083,12.083,12.083,12.083,12.083,12.083,12.083,12.083,12.083,12.083,12.083,12.083,12.083,12.083,12.083,12.083,12.083,12.083,12.083,12.083,12.083,12.083,12.083,12.082,1.0105,1,1,1,1,1,1,1,1,1,1,1,1,1,1,1,1,1,1,4.6816,12.083,12.083,12.083,12.083,12.083,12.083,12.083,12.083,12.083,12.083,12.083,12.082,12.077,12.081,12.083,12.083,12.083,12.083,12.083,12.083,12.077,10.634,2.3584,2.6086,11.106,12.08,12.083,12.083,12.083,12.083,12.083,12.083,12.083,12.083,12.083,12.083,12.083,12.083,12.083,12.083,12.083,12.083,12.083,12.083,12.083,12.083,12.083,12.083,12.083,12.083,12.083,3.7624,1,1,1,1,1,1,1,1,1,1,1,1,1,1,1,1,1,1,1,1.0078,6.4967,12.075,12.083,12.083,12.083,12.083,12.083,12.083,12.083,12.083,12.083,12.083,12.083,12.083,12.083,12.083,12.083,12.083,12.083,12.083,12.083,12.083,12.083,12.083,12.083,12.083,12.083,12.083,12.083,12.083,12.083,12.083,12.083,12.083,12.083,12.083,12.075,6.4967,1.0078,1,1,1,1,1,1,1,1,1,1,1,1,1,1,1,1,1,1,1,3.7624,12.083,12.083,12.083,12.083,12.083,12.083,12.083,12.083,12.083,12.083,12.083,12.083,12.083,12.083,12.083,12.083,12.083,12.083,12.083,12.083,12.083,12.083,12.083,12.083,12.083,12.08,11.106,2.6086,2.3584,10.634,12.077,12.083,12.083,12.083,12.083,12.083,12.083,12.081,12.077,12.082,12.083,12.083,12.083,12.083,12.083,12.083,12.083,12.083,12.083,12.083,12.083,4.6816,1,1,1,1,1,1,1,1,1,1,1,1,1,1,1,1,1,1,1.0105,12.082,12.083,12.083,12.083,12.083,12.083,12.083,12.083,12.083,12.083,12.083,12.083,12.083,12.083,12.083,12.083,12.083,12.083,12.083,12.083,12.083,12.083,12.083,12.083,12.083,12.083,12.083,12.083,12.083,12.083,12.083,12.083,12.083,12.083,12.083,12.083,12.083,12.083,12.083,12.083,12.083,12.083,12.083,12.083,12.083,12.083,12.083,12.083,12.083,1,1,1,1,1,1,1,1,1,1,1,1,1,1,1,1,1,1,1,1,12.083,12.083,12.083,12.083,12.083,12.083,12.083,12.083,12.083,12.083,12.083,12.083,12.083,12.083,12.083,12.083,12.083,12.083,12.083,12.083,12.083,12.083,12.083,12.083
12.083,12.083,12.083,12.083,12.083,12.083,12.083,12.083,12.083,12.083,12.083,12.083,12.083,12.083,12.083,12.083,12.083,12.083,12.083,12.083,12.083,12.083,12.083,12.083,12.083,1,1,1,1,1,1,1,1,1,1,1,1,1,1,1,1,1,1,12.083,12.083,12.083,12.083,12.083,12.083,12.083,12.083,12.083,12.083,12.083,12.083,12.083,12.083,12.083,12.083,12.083,12.083,12.083,12.083,12.083,12.083,12.083,12.083,12.083,12.083,12.083,12.083,12.083,12.083,12.083,12.083,12.083,12.083,12.083,12.083,12.083,12.083,12.083,12.083,12.083,12.083,12.083,12.083,12.083,12.083,12.083,12.083,12.083,12.081,1.0035,1,1,1,1,1,1,1,1,1,1,1,1,1,1,1,1,1,1,2.3162,12.083,12.083,12.083,12.083,12.083,12.083,12.083,12.083,12.083,12.083,12.068,1.616,1.0039,1.0048,2.565,12.058,12.083,12.083,12.083,12.083,12.083,12.083,12.083,12.083,12.083,12.083,12.083,12.083,12.083,12.083,12.083,12.083,12.083,12.083,12.083,12.083,12.083,12.083,12.083,12.083,12.083,12.083,12.083,12.083,12.083,12.083,12.083,12.083,12.083,12.083,12.083,5.5441,1,1,1,1,1,1,1,1,1,1,1,1,1,1,1,1,1,1.0011,3.4562,11.992,12.082,12.083,12.083,12.083,12.083,12.083,12.083,12.083,12.083,12.083,12.083,12.083,12.083,12.083,12.083,12.083,12.083,12.083,12.083,12.083,12.083,12.083,12.083,12.083,12.083,12.083,12.083,12.083,12.083,12.083,12.083,12.083,12.083,12.083,12.083,12.083,12.083,12.082,11.992,3.4562,1.0011,1,1,1,1,1,1,1,1,1,1,1,1,1,1,1,1,1,5.5441,12.083,12.083,12.083,12.083,12.083,12.083,12.083,12.083,12.083,12.083,12.083,12.083,12.083,12.083,12.083,12.083,12.083,12.083,12.083,12.083,12.083,12.083,12.083,12.083,12.083,12.083,12.083,12.083,12.083,12.083,12.083,12.083,12.083,12.083,12.083,12.058,2.565,1.0048,1.0039,1.616,12.068,12.083,12.083,12.083,12.083,12.083,12.083,12.083,12.083,12.083,12.083,2.3162,1,1,1,1,1,1,1,1,1,1,1,1,1,1,1,1,1,1,1.0035,12.081,12.083,12.083,12.083,12.083,12.083,12.083,12.083,12.083,12.083,12.083,12.083,12.083,12.083,12.083,12.083,12.083,12.083,12.083,12.083,12.083,12.083,12.083,12.083,12.083,12.083,12.083,12.083,12.083,12.083,12.083,12.083,12.083,12.083,12.083,12.083,12.083,12.083,12.083,12.083,12.083,12.083,12.083,12.083,12.083,12.083,12.083,12.083,12.083,12.083,1,1,1,1,1,1,1,1,1,1,1,1,1,1,1,1,1,1,12.083,12.083,12.083,12.083,12.083,12.083,12.083,12.083,12.083,12.083,12.083,12.083,12.083,12.083,12.083,12.083,12.083,12.083,12.083,12.083,12.083,12.083,12.083,12.083,12.083
1,1,1,12.083,12.083,12.083,12.083,12.083,12.083,12.083,12.083,12.083,12.083,12.083,12.083,12.083,12.083,12.083,12.083,12.083,12.083,12.083,12.083,12.083,12.083,12.083,1,1,1,1,1,1,1,1,1,1,1,1,1,1,1,1,12.083,12.083,12.083,12.083,12.083,12.083,12.083,12.083,12.083,12.083,12.083,12.083,12.083,12.083,12.083,12.083,12.083,12.083,12.083,12.083,12.083,12.083,12.083,1,1,1,1,1,1,11.319,12.081,12.083,12.083,12.083,12.083,12.083,12.083,12.083,12.083,12.083,12.083,12.083,12.083,12.083,12.083,12.083,12.083,12.083,12.083,12.083,12.082,1.1415,1,1,1,1,1,1,1,1,1,1,1,1,1,1,1,1,1,1,3.7148,12.083,12.083,12.083,12.083,12.083,12.083,12.083,12.083,12.083,12.082,1.9929,1,1,1,1,1.0012,10.332,12.082,12.083,12.083,12.083,12.083,12.083,12.083,12.083,12.083,12.083,12.083,12.083,12.082,12.078,12.073,12.081,12.083,12.083,12.083,12.083,12.083,12.083,12.083,12.083,12.083,12.083,12.083,12.083,12.083,12.083,12.083,12.083,12.083,12.083,9.8303,1,1,1,1,1,1,1,1,1,1,1,1,1,1,1,1,1.0044,11.512,12.082,12.083,12.083,12.083,12.083,12.083,12.083,12.083,12.083,12.083,12.083,12.083,12.083,12.083,12.083,12.083,12.083,12.083,12.083,12.083,12.083,12.083,12.083,12.083,12.083,12.083,12.083,12.083,12.083,12.083,12.083,12.083,12.083,12.083,12.083,12.083,12.083,12.083,12.083,12.083,12.083,12.082,11.512,1.0044,1,1,1,1,1,1,1,1,1,1,1,1,1,1,1,1,9.8303,12.083,12.083,12.083,12.083,12.083,12.083,12.083,12.083,12.083,12.083,12.083,12.083,12.083,12.083,12.083,12.083,12.083,12.083,12.081,12.073,12.078,12.082,12.083,12.083,12.083,12.083,12.083,12.083,12.083,12.083,12.083,12.083,12.083,12.082,10.332,1.0012,1,1,1,1,1.9929,12.082,12.083,12.083,12.083,12.083,12.083,12.083,12.083,12.083,12.083,3.7148,1,1,1,1,1,1,1,1,1,1,1,1,1,1,1,1,1,1,1.1415,12.082,12.083,12.083,12.083,12.083,12.083,12.083,12.083,12.083,12.083,12.083,12.083,12.083,12.083,12.083,12.083,12.083,12.083,12.083,12.083,12.081,11.319,1,1,1,1,1,1,12.083,12.083,12.083,12.083,12.083,12.083,12.083,12.083,12.083,12.083,12.083,12.083,12.083,12.083,12.083,12.083,12.083,12.083,12.083,12.083,12.083,12.083,12.083,1,1,1,1,1,1,1,1,1,1,1,1,1,1,1,1,12.083,12.083,12.083,12.083,12.083,12.083,12.083,12.083,12.083,12.083,12.083,12.083,12.083,12.083,12.083,12.083,12.083,12.083,12.083,12.083,12.083,12.083,12.083,1,1,1
1,1,1,1,1,12.083,12.083,12.083,12.083,12.083,12.083,12.083,12.083,12.083,12.083,12.083,12.083,12.083,12.083,12.083,12.083,12.083,12.083,12.083,12.083,12.083,12.083,1,1,1,1,1,1,1,1,1,1,1,1,1,1,12.083,12.083,12.083,12.083,12.083,12.083,12.083,12.083,12.083,12.083,12.083,12.083,12.083,12.083,12.083,12.083,12.083,12.083,12.083,12.083,12.083,12.083,1,1,1,1,1,1,1,1,1,1.0004,4.1441,12.082,12.083,12.083,12.083,12.083,12.083,12.083,12.083,12.083,12.083,12.083,12.083,12.083,12.083,12.083,12.083,12.083,12.083,12.083,11.975,1.0065,1,1,1,1,1,1,1,1,1,1,1,1,1,1,1,1,1.0001,10.727,12.083,12.083,12.083,12.083,12.083,12.083,12.083,12.083,12.083,12.079,1.0053,1,1,1,1,1,1,1.2268,12.056,12.083,12.083,12.083,12.083,12.083,12.083,12.083,12.083,12.07,8.7825,1.0329,1.0009,1.0007,1.0293,11.034,12.082,12.083,12.083,12.083,12.083,12.083,12.083,12.083,12.083,12.083,12.083,12.083,12.083,12.083,12.083,12.083,12.083,12,1.0004,1,1,1,1,1,1,1,1,1,1,1,1,1,1,1.0006,11.512,12.083,12.083,12.083,12.083,12.083,12.083,12.083,12.083,12.083,12.083,12.083,12.083,12.083,12.083,12.083,12.083,12.083,12.083,12.083,12.083,12.083,12.083,12.083,12.083,12.083,12.083,12.083,12.083,12.083,12.083,12.083,12.083,12.083,12.083,12.083,12.083,12.083,12.083,12.083,12.083,12.083,12.083,12.083,12.083,11.512,1.0006,1,1,1,1,1,1,1,1,1,1,1,1,1,1,1.0004,12,12.083,12.083,12.083,12.083,12.083,12.083,12.083,12.083,12.083,12.083,12.083,12.083,12.083,12.083,12.083,12.083,12.082,11.034,1.0293,1.0007,1.0009,1.0329,8.7825,12.07,12.083,12.083,12.083,12.083,12.083,12.083,12.083,12.083,12.056,1.2268,1,1,1,1,1,1,1.0053,12.079,12.083,12.083,12.083,12.083,12.083,12.083,12.083,12.083,12.083,10.727,1.0001,1,1,1,1,1,1,1,1,1,1,1,1,1,1,1,1,1.0065,11.975,12.083,12.083,12.083,12.083,12.083,12.083,12.083,12.083,12.083,12.083,12.083,12.083,12.083,12.083,12.083,12.083,12.083,12.083,12.082,4.1441,1.0004,1,1,1,1,1,1,1,1,1,12.083,12.083,12.083,12.083,12.083,12.083,12.083,12.083,12.083,12.083,12.083,12.083,12.083,12.083,12.083,12.083,12.083,12.083,12.083,12.083,12.083,12.083,1,1,1,1,1,1,1,1,1,1,1,1,1,1,12.083,12.083,12.083,12.083,12.083,12.083,12.083,12.083,12.083,12.083,12.083,12.083,12.083,12.083,12.083,12.083,12.083,12.083,12.083,12.083,12.083,12.083,1,1,1,1,1
1,1,1,1,1,1,1,12.083,12.083,12.083,12.083,12.083,12.083,12.083,12.083,12.083,12.083,12.083,12.083,12.083,12.083,12.083,12.083,12.083,12.083,12.083,12.083,12.083,12.083,1,1,1,1,1,1,1,1,1,1,12.083,12.083,12.083,12.083,12.083,12.083,12.083,12.083,12.083,12.083,12.083,12.083,12.083,12.083,12.083,12.083,12.083,12.083,12.083,12.083,12.083,12.083,1,1,1,1,1,1,1,1,1,1,1,1,1,1.032,12.079,12.083,12.083,12.083,12.083,12.083,12.083,12.083,12.083,12.083,12.083,12.083,12.083,12.083,12.083,12.083,12.083,12.083,12.083,12.075,8.2454,1.1596,1.0568,1.1147,1.1938,1.2267,1.092,1.0236,1.0036,1.0005,1,1,1,1,1,1,1.0537,12.075,12.083,12.083,12.083,12.083,12.083,12.083,12.083,12.083,12.083,12.08,1.0036,1,1,1,1,1,1,1,1.0007,5.7759,12.056,12.082,12.083,12.082,12.081,11.918,1.9654,1.0004,1,1,1,1,1,1.0002,10.157,12.083,12.083,12.083,12.083,12.083,12.083,12.083,12.083,12.083,12.083,12.083,12.083,12.083,12.083,12.083,12.083,12.082,1.4209,1,1,1,1,1,1,1,1,1,1,1,1,1,1.0001,6.8365,12.082,12.083,12.083,12.083,12.083,12.083,12.083,12.083,12.083,12.083,12.083,12.083,12.083,12.083,12.083,12.083,12.083,12.083,12.083,12.083,12.083,12.083,12.083,12.083,12.083,12.083,12.083,12.083,12.083,12.083,12.083,12.083,12.083,12.083,12.083,12.083,12.083,12.083,12.083,12.083,12.083,12.083,12.083,12.083,12.083,12.082,6.8365,1.0001,1,1,1,1,1,1,1,1,1,1,1,1,1,1.4209,12.082,12.083,12.083,12.083,12.083,12.083,12.083,12.083,12.083,12.083,12.083,12.083,12.083,12.083,12.083,12.083,12.083,10.157,1.0002,1,1,1,1,1,1.0004,1.9654,11.918,12.081,12.082,12.083,12.082,12.056,5.7759,1.0007,1,1,1,1,1,1,1,1.0036,12.08,12.083,12.083,12.083,12.083,12.083,12.083,12.083,12.083,12.083,12.075,1.0537,1,1,1,1,1,1,1.0005,1.0036,1.0236,1.092,1.2267,1.1938,1.1147,1.0568,1.1596,8.2454,12.075,12.083,12.083,12.083,12.083,12.083,12.083,12.083,12.083,12.083,12.083,12.083,12.083,12.083,12.083,12.083,12.083,12.083,12.083,12.079,1.032,1,1,1,1,1,1,1,1,1,1,1,1,1,12.083,12.083,12.083,12.083,12.083,12.083,12.083,12.083,12.083,12.083,12.083,12.083,12.083,12.083,12.083,12.083,12.083,12.083,12.083,12.083,12.083,12.083,1,1,1,1,1,1,1,1,1,1,12.083,12.083,12.083,12.083,12.083,12.083,12.083,12.083,12.083,12.083,12.083,12.083,12.083,12.083,12.083,12.083,12.083,12.083,12.083,12.083,12.083,12.083,1,1,1,1,1,1,1
1,1,1,1,1,1,1,1,12.083,12.083,12.083,12.083,12.083,12.083,12.083,12.083,12.083,12.083,12.083,12.083,12.083,12.083,12.083,12.083,12.083,12.083,12.083,12.083,12.083,12.083,12.083,1,1,1,1,1,1,12.083,12.083,12.083,12.083,12.083,12.083,12.083,12.083,12.083,12.083,12.083,12.083,12.083,12.083,12.083,12.083,12.083,12.083,12.083,12.083,12.083,12.083,12.083,1,1,1,1,1,1,1,1,1,1,1,1,1,1,1,1.4271,12.083,12.083,12.083,12.083,12.083,12.083,12.083,12.083,12.083,12.083,12.083,12.083,12.083,12.083,12.083,12.083,12.083,12.083,12.083,12.083,12.083,12.083,12.083,12.083,12.083,12.082,12.081,12.061,11.675,6.2066,1.0871,1.0039,1.0008,1.0024,1.2565,12.001,12.083,12.083,12.083,12.083,12.083,12.083,12.083,12.083,12.083,12.083,12.082,1.0821,1,1,1,1,1,1,1,1,1,1.0001,1.0119,1.1268,1.055,1.0016,1,1,1,1,1,1,1,1,1,1.0024,12.054,12.083,12.083,12.083,12.083,12.083,12.083,12.083,12.083,12.083,12.083,12.083,12.083,12.083,12.083,12.083,12.083,12.063,1.1895,1.0002,1,1,1,1.0001,1.0002,1.0002,1.0001,1,1,1,1.0012,4.1987,12.08,12.083,12.083,12.083,12.083,12.083,12.083,12.083,12.083,12.083,12.083,12.083,12.083,12.083,12.083,12.083,12.083,12.083,12.083,12.083,12.083,12.083,12.083,12.083,12.083,12.083,12.083,12.083,12.083,12.083,12.083,12.083,12.083,12.083,12.083,12.083,12.083,12.083,12.083,12.083,12.083,12.083,12.083,12.083,12.083,12.083,12.083,12.08,4.1987,1.0012,1,1,1,1.0001,1.0002,1.0002,1.0001,1,1,1,1.0002,1.1895,12.063,12.083,12.083,12.083,12.083,12.083,12.083,12.083,12.083,12.083,12.083,12.083,12.083,12.083,12.083,12.083,12.083,12.054,1.0024,1,1,1,1,1,1,1,1,1,1.0016,1.055,1.1268,1.0119,1.0001,1,1,1,1,1,1,1,1,1,1.0821,12.082,12.083,12.083,12.083,12.083,12.083,12.083,12.083,12.083,12.083,12.083,12.001,1.2565,1.0024,1.0008,1.0039,1.0871,6.2066,11.675,12.061,12.081,12.082,12.083,12.083,12.083,12.083,12.083,12.083,12.083,12.083,12.083,12.083,12.083,12.083,12.083,12.083,12.083,12.083,12.083,12.083,12.083,12.083,12.083,12.083,12.083,12.083,12.083,1.4271,1,1,1,1,1,1,1,1,1,1,1,1,1,1,1,12.083,12.083,12.083,12.083,12.083,12.083,12.083,12.083,12.083,12.083,12.083,12.083,12.083,12.083,12.083,12.083,12.083,12.083,12.083,12.083,12.083,12.083,12.083,1,1,1,1,1,1,12.083,12.083,12.083,12.083,12.083,12.083,12.083,12.083,12.083,12.083,12.083,12.083,12.083,12.083,12.083,12.083,12.083,12.083,12.083,12.083,12.083,12.083,12.083,1,1,1,1,1,1,1,1
1,1,1,1,1,1,1,1,1,12.083,12.083,12.083,12.083,12.083,12.083,12.083,12.083,12.083,12.083,12.083,12.083,12.083,12.083,12.083,12.083,12.083,12.083,12.083,12.083,12.083,12.083,12.083,12.083,12.083,12.083,12.083,12.083,12.083,12.083,12.083,12.083,12.083,12.083,12.083,12.083,12.083,12.083,12.083,12.083,12.083,12.083,12.083,12.083,12.083,12.083,12.083,12.083,12.083,12.083,1,1,1,1,1,1,1,1,1,1,1,1,1,1,1,1,1.0002,12.069,12.083,12.083,12.083,12.083,12.083,12.083,12.083,12.083,12.083,12.083,12.083,12.083,12.083,12.083,12.083,12.083,12.083,12.083,12.083,12.083,12.083,12.083,12.083,12.083,12.083,12.083,12.083,12.083,12.083,12.081,12.058,11.975,12.029,12.081,12.083,12.083,12.083,12.083,12.083,12.083,12.083,12.083,12.083,12.083,12.083,12.083,9.4313,1,1,1,1,1,1,1,1,1,1,1,1,1,1,1,1,1,1,1,1,1,1,1,1,5.2007,12.083,12.083,12.083,12.083,12.083,12.083,12.083,12.083,12.083,12.083,12.083,12.083,12.083,12.083,12.083,12.083,12.083,12.08,11.596,6.3691,4.3232,7.0906,10.416,11.355,11.374,10.5,7.7125,5.5371,7.9218,11.779,12.081,12.083,12.083,12.083,12.083,12.083,12.083,12.083,12.083,12.083,12.083,12.083,12.083,12.083,12.083,12.083,12.083,12.083,12.083,12.083,12.083,12.083,12.083,12.083,12.083,12.083,12.083,12.083,12.083,12.083,12.083,12.083,12.083,12.083,12.083,12.083,12.083,12.083,12.083,12.083,12.083,12.083,12.083,12.083,12.083,12.083,12.083,12.083,12.083,12.081,11.779,7.9218,5.5371,7.7125,10.5,11.374,11.355,10.416,7.0906,4.3232,6.3691,11.596,12.08,12.083,12.083,12.083,12.083,12.083,12.083,12.083,12.083,12.083,12.083,12.083,12.083,12.083,12.083,12.083,12.083,12.083,5.2007,1,1,1,1,1,1,1,1,1,1,1,1,1,1,1,1,1,1,1,1,1,1,1,1,9.4313,12.083,12.083,12.083,12.083,12.083,12.083,12.083,12.083,12.083,12.083,12.083,12.083,12.081,12.029,11.975,12.058,12.081,12.083,12.083,12.083,12.083,12.083,12.083,12.083,12.083,12.083,12.083,12.083,12.083,12.083,12.083,12.083,12.083,12.083,12.083,12.083,12.083,12.083,12.083,12.083,12.083,12.083,12.083,12.083,12.083,12.083,12.069,1.0002,1,1,1,1,1,1,1,1,1,1,1,1,1,1,1,1,12.083,12.083,12.083,12.083,12.083,12.083,12.083,12.083,12.083,12.083,12.083,12.083,12.083,12.083,12.083,12.083,12.083,12.083,12.083,12.083,12.083,12.083,12.083,12.083,12.083,12.083,12.083,12.083,12.083,12.083,12.083,12.083,12.083,12.083,12.083,12.083,12.083,12.083,12.083,12.083,12.083,12.083,12.083,12.083,12.083,12.083,12.083,12.083,12.083,12.083,1,1,1,1,1,1,1,1,1
1,1,1,1,1,1,1,1,1,1,12.083,12.083,12.083,12.083,12.083,12.083,12.083,12.083,12.083,12.083,12.083,12.083,12.083,12.083,12.083,12.083,12.083,12.083,12.083,12.083,12.083,12.083,12.083,12.083,12.083,12.083,12.083,12.083,12.083,12.083,12.083,12.083,12.083,12.083,12.083,12.083,12.083,12.083,12.083,12.083,12.083,12.083,12.083,12.083,12.083,12.083,12.083,12.083,1,1,1,1,1,1,1,1,1,1,1,1,1,1,1,1,1,1,11.198,12.083,12.083,12.083,12.083,12.083,12.083,12.083,12.083,12.083,12.083,12.083,12.083,12.083,12.083,12.083,12.083,12.083,12.083,12.083,12.083,12.083,12.083,12.083,12.083,12.083,12.083,12.083,12.083,12.083,12.083,12.083,12.083,12.083,12.083,12.083,12.083,12.083,12.083,12.083,12.083,12.083,12.083,12.083,12.083,12.083,12.083,12.057,1.0002,1,1,1,1,1,1,1,1,1,1,1,1,1,1,1,1,1,1,1,1,1,1,1,1.0093,12.077,12.083,12.083,12.083,12.083,12.083,12.083,12.083,12.083,12.083,12.083,12.083,12.083,12.083,12.083,12.083,12.083,12.083,12.083,12.083,12.082,12.083,12.083,12.083,12.083,12.083,12.083,12.082,12.083,12.083,12.083,12.083,12.083,12.083,12.083,12.083,12.083,12.083,12.083,12.083,12.083,12.083,12.083,12.083,12.083,12.083,12.083,12.083,12.083,12.083,12.083,12.083,12.083,12.083,12.083,12.083,12.083,12.083,12.083,12.083,12.083,12.083,12.083,12.083,12.083,12.083,12.083,12.083,12.083,12.083,12.083,12.083,12.083,12.083,12.083,12.083,12.083,12.083,12.083,12.083,12.083,12.083,12.082,12.083,12.083,12.083,12.083,12.083,12.083,12.082,12.083,12.083,12.083,12.083,12.083,12.083,12.083,12.083,12.083,12.083,12.083,12.083,12.083,12.083,12.083,12.083,12.083,12.083,12.083,12.077,1.0093,1,1,1,1,1,1,1,1,1,1,1,1,1,1,1,1,1,1,1,1,1,1,1,1.0002,12.057,12.083,12.083,12.083,12.083,12.083,12.083,12.083,12.083,12.083,12.083,12.083,12.083,12.083,12.083,12.083,12.083,12.083,12.083,12.083,12.083,12.083,12.083,12.083,12.083,12.083,12.083,12.083,12.083,12.083,12.083,12.083,12.083,12.083,12.083,12.083,12.083,12.083,12.083,12.083,12.083,12.083,12.083,12.083,12.083,12.083,12.083,11.198,1,1,1,1,1,1,1,1,1,1,1,1,1,1,1,1,1,1,12.083,12.083,12.083,12.083,12.083,12.083,12.083,12.083,12.083,12.083,12.083,12.083,12.083,12.083,12.083,12.083,12.083,12.083,12.083,12.083,12.083,12.083,12.083,12.083,12.083,12.083,12.083,12.083,12.083,12.083,12.083,12.083,12.083,12.083,12.083,12.083,12.083,12.083,12.083,12.083,12.083,12.083,12.083,12.083,12.083,12.083,12.083,12.083,1,1,1,1,1,1,1,1,1,1
1,1,1,1,1,1,1,1,1,1,12.083,12.083,12.083,12.083,12.083,12.083,12.083,12.083,12.083,12.083,12.083,12.083,12.083,12.083,12.083,12.083,12.083,12.083,12.083,12.083,12.083,12.083,12.083,12.083,12.083,12.083,12.083,12.083,12.083,12.083,12.083,12.083,12.083,12.083,12.083,12.083,12.083,12.083,12.083,12.083,12.083,12.083,12.083,12.083,12.083,12.083,12.083,12.083,1,1,1,1,1,1,1,1,1,1,1,1,1,1,1,1,1,1,1.7694,12.083,12.083,12.083,12.083,12.083,12.083,12.083,12.083,12.083,12.083,12.083,12.083,12.083,12.083,12.083,12.083,12.083,12.083,12.083,12.083,12.083,12.083,12.083,12.083,12.083,12.083,12.083,12.083,12.083,12.083,12.083,12.083,12.083,12.083,12.083,12.083,12.083,12.083,12.083,12.083,12.083,12.083,12.083,12.083,12.083,12.083,12.082,1.0082,1,1,1,1,1,1,1,1,1,1,1,1,1,1,1,1,1,1,1,1,1,1,1,1.0001,11.72,12.083,12.083,12.083,12.083,12.083,12.083,12.083,12.083,12.083,12.083,12.083,12.083,12.083,12.083,12.083,12.083,12.083,12.083,12.083,12.083,12.083,12.083,12.083,12.083,12.083,12.083,12.083,12.083,12.083,12.083,12.083,12.083,12.083,12.083,12.083,12.083,12.083,12.083,12.083,12.083,12.083,12.083,12.083,12.083,12.083,12.083,12.083,12.083,12.083,12.083,12.083,12.083,12.083,12.083,12.083,12.083,12.083,12.083,12.083,12.083,12.083,12.083,12.083,12.083,12.083,12.083,12.083,12.083,12.083,12.083,12.083,12.083,12.083,12.083,12.083,12.083,12.083,12.083,12.083,12.083,12.083,12.083,12.083,12.083,12.083,12.083,12.083,12.083,12.083,12.083,12.083,12.083,12.083,12.083,12.083,12.083,12.083,12.083,12.083,12.083,12.083,12.083,12.083,12.083,12.083,12.083,12.083,12.083,11.72,1.0001,1,1,1,1,1,1,1,1,1,1,1,1,1,1,1,1,1,1,1,1,1,1,1,1.0082,12.082,12.083,12.083,12.083,12.083,12.083,12.083,12.083,12.083,12.083,12.083,12.083,12.083,12.083,12.083,12.083,12.083,12.083,12.083,12.083,12.083,12.083,12.083,12.083,12.083,12.083,12.083,12.083,12.083,12.083,12.083,12.083,12.083,12.083,12.083,12.083,12.083,12.083,12.083,12.083,12.083,12.083,12.083,12.083,12.083,12.083,12.083,1.7694,1,1,1,1,1,1,1,1,1,1,1,1,1,1,1,1,1,1,12.083,12.083,12.083,12.083,12.083,12.083,12.083,12.083,12.083,12.083,12.083,12.083,12.083,12.083,12.083,12.083,12.083,12.083,12.083,12.083,12.083,12.083,12.083,12.083,12.083,12.083,12.083,12.083,12.083,12.083,12.083,12.083,12.083,12.083,12.083,12.083,12.083,12.083,12.083,12.083,12.083,12.083,12.083,12.083,12.083,12.083,12.083,12.083,1,1,1,1,1,1,1,1,1,1
1,1,1,1,1,1,1,1,1,1,1,12.083,12.083,12.083,12.083,12.083,12.083,12.083,12.083,12.083,12.083,12.083,12.083,12.083,12.083,12.083,12.083,12.083,12.083,12.083,12.083,12.083,12.083,12.083,12.083,12.083,12.083,12.083,12.083,12.083,12.083,12.083,12.083,12.083,12.083,12.083,12.083,12.083,12.083,12.083,12.083,12.083,12.083,12.083,12.083,12.083,12.083,1,1,1,1,1,1,1,1,1,1,1,1,1,1,1,1,1,1,1,1.0016,12.052,12.083,12.083,12.083,12.083,12.083,12.083,12.083,12.083,12.083,12.083,12.083,12.083,12.083,12.083,12.083,12.083,12.083,12.083,12.083,12.083,12.083,12.083,12.083,12.083,12.083,12.083,12.083,12.083,12.083,12.083,12.083,12.083,12.083,12.083,12.083,12.083,12.083,12.083,12.083,12.083,12.083,12.083,12.083,12.083,12.083,12.083,1.0754,1,1,1,1,1,1,1,1,1,1,1,1,1,1,1,1,1,1,1,1,1,1,1,1,4.2584,12.082,12.083,12.083,12.083,12.083,12.083,12.083,12.083,12.083,12.083,12.083,12.083,12.083,12.083,12.083,12.083,12.083,12.083,12.083,12.083,12.083,12.083,12.083,12.083,12.083,12.083,12.083,12.083,12.083,12.083,12.083,12.083,12.083,12.083,12.083,12.083,12.083,12.083,12.083,12.083,12.083,12.083,12.083,12.083,12.083,12.083,12.083,12.083,12.083,12.083,12.083,12.082,12.082,12.081,12.081,12.082,12.082,12.083,12.083,12.083,12.083,12.083,12.083,12.083,12.083,12.083,12.083,12.083,12.083,12.083,12.083,12.083,12.083,12.083,12.083,12.083,12.083,12.083,12.083,12.083,12.083,12.083,12.083,12.083,12.083,12.083,12.083,12.083,12.083,12.083,12.083,12.083,12.083,12.083,12.083,12.083,12.083,12.083,12.083,12.083,12.083,12.083,12.083,12.083,12.083,12.083,12.083,12.082,4.2584,1,1,1,1,1,1,1,1,1,1,1,1,1,1,1,1,1,1,1,1,1,1,1,1,1.0754,12.083,12.083,12.083,12.083,12.083,12.083,12.083,12.083,12.083,12.083,12.083,12.083,12.083,12.083,12.083,12.083,12.083,12.083,12.083,12.083,12.083,12.083,12.083,12.083,12.083,12.083,12.083,12.083,12.083,12.083,12.083,12.083,12.083,12.083,12.083,12.083,12.083,12.083,12.083,12.083,12.083,12.083,12.083,12.083,12.083,12.083,12.052,1.0016,1,1,1,1,1,1,1,1,1,1,1,1,1,1,1,1,1,1,1,12.083,12.083,12.083,12.083,12.083,12.083,12.083,12.083,12.083,12.083,12.083,12.083,12.083,12.083,12.083,12.083,12.083,12.083,12.083,12.083,12.083,12.083,12.083,12.083,12.083,12.083,12.083,12.083,12.083,12.083,12.083,12.083,12.083,12.083,12.083,12.083,12.083,12.083,12.083,12.083,12.083,12.083,12.083,12.083,12.083,12.083,1,1,1,1,1,1,1,1,1,1,1
1,1,1,1,1,1,1,1,1,1,1,12.083,12.083,12.083,12.083,12.083,12.083,12.083,12.083,12.083,12.083,12.083,12.083,12.083,12.083,12.083,12.083,12.083,12.083,12.083,12.083,12.083,12.083,12.083,12.083,12.083,12.083,12.083,12.083,12.083,12.083,12.083,12.083,12.083,12.083,12.083,12.083,12.083,12.083,12.083,12.083,12.083,12.083,12.083,12.083,12.083,12.083,1,1,1,1,1,1,1,1,1,1,1,1,1,1,1,1,1,1,1,1,1.074,12.005,12.082,12.083,12.083,12.083,12.083,12.083,12.083,12.083,12.083,12.083,12.083,12.083,12.083,12.083,12.083,12.083,12.083,12.083,12.083,12.083,12.083,12.083,12.083,12.083,12.083,12.083,12.083,12.083,12.083,12.083,12.083,12.083,12.083,12.083,12.083,12.083,12.083,12.083,12.083,12.083,12.083,12.083,12.083,12.083,12.083,1.2189,1,1,1,1,1,1,1,1,1,1,1,1,1,1,1,1,1,1,1,1,1,1,1,1,1.0239,12.053,12.083,12.083,12.083,12.083,12.083,12.083,12.083,12.083,12.083,12.083,12.083,12.083,12.083,12.083,12.083,12.083,12.083,12.083,12.083,12.083,12.083,12.083,12.083,12.083,12.083,12.083,12.083,12.083,12.083,12.083,12.083,12.083,12.083,12.083,12.083,12.083,12.083,12.083,12.083,12.083,12.083,12.083,12.083,12.083,12.083,12.082,12.076,12.013,11.633,9.6168,4.5856,1.5014,1.1501,1.1501,1.5014,4.5856,9.6168,11.633,12.013,12.076,12.082,12.083,12.083,12.083,12.083,12.083,12.083,12.083,12.083,12.083,12.083,12.083,12.083,12.083,12.083,12.083,12.083,12.083,12.083,12.083,12.083,12.083,12.083,12.083,12.083,12.083,12.083,12.083,12.083,12.083,12.083,12.083,12.083,12.083,12.083,12.083,12.083,12.083,12.083,12.083,12.083,12.083,12.083,12.083,12.083,12.083,12.053,1.0239,1,1,1,1,1,1,1,1,1,1,1,1,1,1,1,1,1,1,1,1,1,1,1,1,1.2189,12.083,12.083,12.083,12.083,12.083,12.083,12.083,12.083,12.083,12.083,12.083,12.083,12.083,12.083,12.083,12.083,12.083,12.083,12.083,12.083,12.083,12.083,12.083,12.083,12.083,12.083,12.083,12.083,12.083,12.083,12.083,12.083,12.083,12.083,12.083,12.083,12.083,12.083,12.083,12.083,12.083,12.083,12.083,12.083,12.082,12.005,1.074,1,1,1,1,1,1,1,1,1,1,1,1,1,1,1,1,1,1,1,1,12.083,12.083,12.083,12.083,12.083,12.083,12.083,12.083,12.083,12.083,12.083,12.083,12.083,12.083,12.083,12.083,12.083,12.083,12.083,12.083,12.083,12.083,12.083,12.083,12.083,12.083,12.083,12.083,12.083,12.083,12.083,12.083,12.083,12.083,12.083,12.083,12.083,12.083,12.083,12.083,12.083,12.083,12.083,12.083,12.083,12.083,1,1,1,1,1,1,1,1,1,1,1
1,1,1,1,1,1,1,1,1,1,1,1,12.083,12.083,12.083,12.083,12.083,12.083,12.083,12.083,12.083,12.083,12.083,12.083,12.083,12.083,12.083,12.083,12.083,12.083,12.083,12.083,12.083,12.083,12.083,12.083,12.083,12.083,12.083,12.083,12.083,12.083,12.083,12.083,12.083,12.083,12.083,12.083,12.083,12.083,12.083,12.083,12.083,12.083,12.083,12.083,1,1,1,1,1,1,1,1,1,1,1,1,1,1,1,1,1,1,1,1,1,1,1.0006,1.0395,2.3312,8.8976,11.992,12.082,12.083,12.083,12.083,12.083,12.083,12.083,12.083,12.083,12.083,12.083,12.083,12.083,12.083,12.083,12.083,12.083,12.083,12.083,12.083,12.083,12.083,12.083,12.083,12.083,12.083,12.083,12.083,12.083,12.083,12.083,12.083,12.083,12.083,12.083,12.083,12.083,12.083,12.083,12.083,12.083,1.1859,1,1,1,1,1,1,1,1,1,1,1,1,1,1,1,1,1,1,1,1,1,1,1,1,1.0005,9.9023,12.08,12.083,12.083,12.083,12.083,12.083,12.083,12.083,12.083,12.083,12.083,12.083,12.083,12.083,12.083,12.083,12.083,12.083,12.083,12.083,12.083,12.083,12.083,12.083,12.083,12.083,12.083,12.083,12.083,12.083,12.083,12.083,12.083,12.083,12.083,12.083,12.083,12.083,12.083,12.083,12.083,12.083,12.083,12.083,12.024,3.3036,1.009,1.0003,1,1,1,1,1,1,1,1,1,1,1.0003,1.009,3.3036,12.024,12.083,12.083,12.083,12.083,12.083,12.083,12.083,12.083,12.083,12.083,12.083,12.083,12.083,12.083,12.083,12.083,12.083,12.083,12.083,12.083,12.083,12.083,12.083,12.083,12.083,12.083,12.083,12.083,12.083,12.083,12.083,12.083,12.083,12.083,12.083,12.083,12.083,12.083,12.083,12.083,12.083,12.083,12.083,12.08,9.9023,1.0005,1,1,1,1,1,1,1,1,1,1,1,1,1,1,1,1,1,1,1,1,1,1,1,1,1.1859,12.083,12.083,12.083,12.083,12.083,12.083,12.083,12.083,12.083,12.083,12.083,12.083,12.083,12.083,12.083,12.083,12.083,12.083,12.083,12.083,12.083,12.083,12.083,12.083,12.083,12.083,12.083,12.083,12.083,12.083,12.083,12.083,12.083,12.083,12.083,12.083,12.083,12.083,12.083,12.083,12.082,11.992,8.8976,2.3312,1.0395,1.0006,1,1,1,1,1,1,1,1,1,1,1,1,1,1,1,1,1,1,1,1,1,1,12.083,12.083,12.083,12.083,12.083,12.083,12.083,12.083,12.083,12.083,12.083,12.083,12.083,12.083,12.083,12.083,12.083,12.083,12.083,12.083,12.083,12.083,12.083,12.083,12.083,12.083,12.083,12.083,12.083,12.083,12.083,12.083,12.083,12.083,12.083,12.083,12.083,12.083,12.083,12.083,12.083,12.083,12.083,12.083,1,1,1,1,1,1,1,1,1,1,1,1
1,1,1,1,1,1,1,1,1,1,1,1,12.083,12.083,12.083,12.083,12.083,12.083,12.083,12.083,12.083,12.083,12.083,12.083,12.083,12.083,12.083,12.083,12.083,12.083,12.083,12.083,12.083,12.083,12.083,12.083,12.083,12.083,12.083,12.083,12.083,12.083,12.083,12.083,12.083,12.083,12.083,12.083,12.083,12.083,12.083,12.083,12.083,12.083,12.083,12.083,1,1,1,1,1,1,1,1,1,1,1,1,1,1,1,1,1,1,1,1,1,1,1,1,1,1,1.0038,6.8953,12.081,12.083,12.083,12.083,12.083,12.083,12.083,12.083,12.083,12.083,12.083,12.083,12.083,12.083,12.083,12.083,12.083,12.083,12.083,12.083,12.083,12.083,12.083,12.083,12.083,12.083,12.083,12.083,12.083,12.083,12.083,12.083,12.083,12.083,12.083,12.083,12.083,12.083,12.083,12.083,1.1143,1,1,1,1,1,1,1,1,1,1,1,1,1,1,1,1,1,1,1,1,1,1,1,1,1,1.3677,11.949,12.079,12.082,12.082,12.082,12.083,12.083,12.083,12.083,12.083,12.083,12.083,12.083,12.083,12.083,12.083,12.083,12.083,12.083,12.083,12.083,12.083,12.083,12.083,12.083,12.083,12.083,12.083,12.083,12.083,12.083,12.083,12.083,12.083,12.083,12.083,12.083,12.083,12.083,12.083,12.083,12.083,12.083,12.061,1.1026,1,1,1,1,1,1,1,1,1,1,1,1,1,1,1,1,1.1026,12.061,12.083,12.083,12.083,12.083,12.083,12.083,12.083,12.083,12.083,12.083,12.083,12.083,12.083,12.083,12.083,12.083,12.083,12.083,12.083,12.083,12.083,12.083,12.083,12.083,12.083,12.083,12.083,12.083,12.083,12.083,12.083,12.083,12.083,12.083,12.083,12.083,12.083,12.083,12.082,12.082,12.082,12.079,11.949,1.3677,1,1,1,1,1,1,1,1,1,1,1,1,1,1,1,1,1,1,1,1,1,1,1,1,1,1.1143,12.083,12.083,12.083,12.083,12.083,12.083,12.083,12.083,12.083,12.083,12.083,12.083,12.083,12.083,12.083,12.083,12.083,12.083,12.083,12.083,12.083,12.083,12.083,12.083,12.083,12.083,12.083,12.083,12.083,12.083,12.083,12.083,12.083,12.083,12.083,12.083,12.083,12.083,12.083,12.081,6.8953,1.0038,1,1,1,1,1,1,1,1,1,1,1,1,1,1,1,1,1,1,1,1,1,1,1,1,1,1,12.083,12.083,12.083,12.083,12.083,12.083,12.083,12.083,12.083,12.083,12.083,12.083,12.083,12.083,12.083,12.083,12.083,12.083,12.083,12.083,12.083,12.083,12.083,12.083,12.083,12.083,12.083,12.083,12.083,12.083,12.083,12.083,12.083,12.083,12.083,12.083,12.083,12.083,12.083,12.083,12.083,12.083,12.083,12.083,1,1,1,1,1,1,1,1,1,1,1,1
1,1,1,1,1,1,1,1,1,1,1,1,12.083,12.083,12.083,12.083,12.083,12.083,12.083,12.083,12.083,12.083,12.083,12.083,12.083,12.083,12.083,12.083,12.083,12.083,12.083,12.083,12.083,12.083,12.083,12.083,12.083,12.083,12.083,12.083,12.083,12.083,12.083,12.083,12.083,12.083,12.083,12.083,12.083,12.083,12.083,12.083,12.083,12.083,12.083,12.083,1,1,1,1,1,1,1,1,1,1,1,1,1,1,1,1,1,1,1,1,1,1,1,1,1,1,1,1.0102,11.909,12.083,12.083,12.083,12.083,12.083,12.083,12.083,12.083,12.083,12.083,12.083,12.083,12.083,12.083,12.083,12.083,12.083,12.083,12.083,12.083,12.083,12.083,12.083,12.083,12.083,12.083,12.083,12.083,12.083,12.083,12.083,12.083,12.083,12.083,12.083,12.083,12.083,12.083,12.083,1.107,1,1,1,1,1,1,1,1,1,1,1,1,1,1,1,1,1,1,1,1,1,1,1,1,1,1.0302,10.897,12.041,12.067,12.072,12.081,12.083,12.083,12.083,12.083,12.083,12.083,12.083,12.083,12.083,12.083,12.083,12.083,12.083,12.083,12.083,12.083,12.083,12.083,12.083,12.083,12.083,12.083,12.083,12.083,12.083,12.083,12.083,12.083,12.083,12.083,12.083,12.083,12.083,12.083,12.083,12.083,12.083,12.083,11.015,1.0005,1,1,1,1,1,1,1,1,1,1,1,1,1,1,1,1,1.0005,11.015,12.083,12.083,12.083,12.083,12.083,12.083,12.083,12.083,12.083,12.083,12.083,12.083,12.083,12.083,12.083,12.083,12.083,12.083,12.083,12.083,12.083,12.083,12.083,12.083,12.083,12.083,12.083,12.083,12.083,12.083,12.083,12.083,12.083,12.083,12.083,12.083,12.083,12.083,12.081,12.072,12.067,12.041,10.897,1.0302,1,1,1,1,1,1,1,1,1,1,1,1,1,1,1,1,1,1,1,1,1,1,1,1,1,1.107,12.083,12.083,12.083,12.083,12.083,12.083,12.083,12.083,12.083,12.083,12.083,12.083,12.083,12.083,12.083,12.083,12.083,12.083,12.083,12.083,12.083,12.083,12.083,12.083,12.083,12.083,12.083,12.083,12.083,12.083,12.083,12.083,12.083,12.083,12.083,12.083,12.083,12.083,12.083,11.909,1.0102,1,1,1,1,1,1,1,1,1,1,1,1,1,1,1,1,1,1,1,1,1,1,1,1,1,1,1,12.083,12.083,12.083,12.083,12.083,12.083,12.083,12.083,12.083,12.083,12.083,12.083,12.083,12.083,12.083,12.083,12.083,12.083,12.083,12.083,12.083,12.083,12.083,12.083,12.083,12.083,12.083,12.083,12.083,12.083,12.083,12.083,12.083,12.083,12.083,12.083,12.083,12.083,12.083,12.083,12.083,12.083,12.083,12.083,1,1,1,1,1,1,1,1,1,1,1,1
1,1,1,1,1,1,1,1,1,1,1,1,12.083,12.083,12.083,12.083,12.083,12.083,12.083,12.083,12.083,12.083,12.083,12.083,12.083,12.083,12.083,12.083,12.083,12.083,12.083,12.083,12.083,12.083,12.083,12.083,12.083,12.083,12.083,12.083,12.083,12.083,12.083,12.083,12.083,12.083,12.083,12.083,12.083,12.083,12.083,12.083,12.083,12.083,12.083,12.083,1,1,1,1,1,1,1,1,1,1,1,1,1,1,1,1,1,1,1,1,1,1,1,1,1,1,1,1.0102,11.909,12.083,12.083,12.083,12.083,12.083,12.083,12.083,12.083,12.083,12.083,12.083,12.083,12.083,12.083,12.083,12.083,12.083,12.083,12.083,12.083,12.083,12.083,12.083,12.083,12.083,12.083,12.083,12.083,12.083,12.083,12.083,12.083,12.083,12.083,12.083,12.083,12.083,12.083,12.083,1.107,1,1,1,1,1,1,1,1,1,1,1,1,1,1,1,1,1,1,1,1,1,1,1,1,1,1.0302,10.897,12.041,12.067,12.072,12.081,12.083,12.083,12.083,12.083,12.083,12.083,12.083,12.083,12.083,12.083,12.083,12.083,12.083,12.083,12.083,12.083,12.083,12.083,12.083,12.083,12.083,12.083,12.083,12.083,12.083,12.083,12.083,12.083,12.083,12.083,12.083,12.083,12.083,12.083,12.083,12.083,12.083,12.083,11.015,1.0005,1,1,1,1,1,1,1,1,1,1,1,1,1,1,1,1,1.0005,11.015,12.083,12.083,12.083,12.083,12.083,12.083,12.083,12.083,12.083,12.083,12.083,12.083,12.083,12.083,12.083,12.083,12.083,12.083,12.083,12.083,12.083,12.083,12.083,12.083,12.083,12.083,12.083,12.083,12.083,12.083,12.083,12.083,12.083,12.083,12.083,12.083,12.083,12.083,12.081,12.072,12.067,12.041,10.897,1.0302,1,1,1,1,1,1,1,1,1,1,1,1,1,1,1,1,1,1,1,1,1,1,1,1,1,1.107,12.083,12.083,12.083,12.083,12.083,12.083,12.083,12.083,12.083,12.083,12.083,12.083,12.083,12.083,12.083,12.083,12.083,12.083,12.083,12.083,12.083,12.083,12.083,12.083,12.083,12.083,12.083,12.083,12.083,12.083,12.083,12.083,12.083,12.083,12.083,12.083,12.083,12.083,12.083,11.909,1.0102,1,1,1,1,1,1,1,1,1,1,1,1,1,1,1,1,1,1,1,1,1,1,1,1,1,1,1,12.083,12.083,12.083,12.083,12.083,12.083,12.083,12.083,12.083,12.083,12.083,12.083,12.083,12.083,12.083,12.083,12.083,12.083,12.083,12.083,12.083,12.083,12.083,12.083,12.083,12.083,12.083,12.083,12.083,12.083,12.083,12.083,12.083,12.083,12.083,12.083,12.083,12.083,12.083,12.083,12.083,12.083,12.083,12.083,1,1,1,1,1,1,1,1,1,1,1,1
1,1,1,1,1,1,1,1,1,1,1,1,12.083,12.083,12.083,12.083,12.083,12.083,12.083,12.083,12.083,12.083,12.083,12.083,12.083,12.083,12.083,12.083,12.083,12.083,12.083,12.083,12.083,12.083,12.083,12.083,12.083,12.083,12.083,12.083,12.083,12.083,12.083,12.083,12.083,12.083,12.083,12.083,12.083,12.083,12.083,12.083,12.083,12.083,12.083,12.083,1,1,1,1,1,1,1,1,1,1,1,1,1,1,1,1,1,1,1,1,1,1,1,1,1,1,1.0038,6.8953,12.081,12.083,12.083,12.083,12.083,12.083,12.083,12.083,12.083,12.083,12.083,12.083,12.083,12.083,12.083,12.083,12.083,12.083,12.083,12.083,12.083,12.083,12.083,12.083,12.083,12.083,12.083,12.083,12.083,12.083,12.083,12.083,12.083,12.083,12.083,12.083,12.083,12.083,12.083,12.083,1.1143,1,1,1,1,1,1,1,1,1,1,1,1,1,1,1,1,1,1,1,1,1,1,1,1,1,1.3677,11.949,12.079,12.082,12.082,12.082,12.083,12.083,12.083,12.083,12.083,12.083,12.083,12.083,12.083,12.083,12.083,12.083,12.083,12.083,12.083,12.083,12.083,12.083,12.083,12.083,12.083,12.083,12.083,12.083,12.083,12.083,12.083,12.083,12.083,12.083,12.083,12.083,12.083,12.083,12.083,12.083,12.083,12.083,12.061,1.1026,1,1,1,1,1,1,1,1,1,1,1,1,1,1,1,1,1.1026,12.061,12.083,12.083,12.083,12.083,12.083,12.083,12.083,12.083,12.083,12.083,12.083,12.083,12.083,12.083,12.083,12.083,12.083,12.083,12.083,12.083,12.083,12.083,12.083,12.083,12.083,12.083,12.083,12.083,12.083,12.083,12.083,12.083,12.083,12.083,12.083,12.083,12.083,12.083,12.082,12.082,12.082,12.079,11.949,1.3677,1,1,1,1,1,1,1,1,1,1,1,1,1,1,1,1,1,1,1,1,1,1,1,1,1,1.1143,12.083,12.083,12.083,12.083,12.083,12.083,12.083,12.083,12.083,12.083,12.083,12.083,12.083,12.083,12.083,12.083,12.083,12.083,12.083,12.083,12.083,12.083,12.083,12.083,12.083,12.083,12.083,12.083,12.083,12.083,12.083,12.083,12.083,12.083,12.083,12.083,12.083,12.083,12.083,12.081,6.8953,1.0038,1,1,1,1,1,1,1,1,1,1,1,1,1,1,1,1,1,1,1,1,1,1,1,1,1,1,12.083,12.083,12.083,12.083,12.083,12.083,12.083,12.083,12.083,12.083,12.083,12.083,12.083,12.083,12.083,12.083,12.083,12.083,12.083,12.083,12.083,12.083,12.083,12.083,12.083,12.083,12.083,12.083,12.083,12.083,12.083,12.083,12.083,12.083,12.083,12.083,12.083,12.083,12.083,12.083,12.083,12.083,12.083,12.083,1,1,1,1,1,1,1,1,1,1,1,1
1,1,1,1,1,1,1,1,1,1,1,1,12.083,12.083,12.083,12.083,12.083,12.083,12.083,12.083,12.083,12.083,12.083,12.083,12.083,12.083,12.083,12.083,12.083,12.083,12.083,12.083,12.083,12.083,12.083,12.083,12.083,12.083,12.083,12.083,12.083,12.083,12.083,12.083,12.083,12.083,12.083,12.083,12.083,12.083,12.083,12.083,12.083,12.083,12.083,12.083,1,1,1,1,1,1,1,1,1,1,1,1,1,1,1,1,1,1,1,1,1,1,1.0006,1.0395,2.3312,8.8976,11.992,12.082,12.083,12.083,12.083,12.083,12.083,12.083,12.083,12.083,12.083,12.083,12.083,12.083,12.083,12.083,12.083,12.083,12.083,12.083,12.083,12.083,12.083,12.083,12.083,12.083,12.083,12.083,12.083,12.083,12.083,12.083,12.083,12.083,12.083,12.083,12.083,12.083,12.083,12.083,12.083,12.083,1.1859,1,1,1,1,1,1,1,1,1,1,1,1,1,1,1,1,1,1,1,1,1,1,1,1,1.0005,9.9023,12.08,12.083,12.083,12.083,12.083,12.083,12.083,12.083,12.083,12.083,12.083,12.083,12.083,12.083,12.083,12.083,12.083,12.083,12.083,12.083,12.083,12.083,12.083,12.083,12.083,12.083,12.083,12.083,12.083,12.083,12.083,12.083,12.083,12.083,12.083,12.083,12.083,12.083,12.083,12.083,12.083,12.083,12.083,12.083,12.024,3.3036,1.009,1.0003,1,1,1,1,1,1,1,1,1,1,1.0003,1.009,3.3036,12.024,12.083,12.083,12.083,12.083,12.083,12.083,12.083,12.083,12.083,12.083,12.083,12.083,12.083,12.083,12.083,12.083,12.083,12.083,12.083,12.083,12.083,12.083,12.083,12.083,12.083,12.083,12.083,12.083,12.083,12.083,12.083,12.083,12.083,12.083,12.083,12.083,12.083,12.083,12.083,12.083,12.083,12.083,12.083,12.08,9.9023,1.0005,1,1,1,1,1,1,1,1,1,1,1,1,1,1,1,1,1,1,1,1,1,1,1,1,1.1859,12.083,12.083,12.083,12.083,12.083,12.083,12.083,12.083,12.083,12.083,12.083,12.083,12.083,12.083,12.083,12.083,12.083,12.083,12.083,12.083,12.083,12.083,12.083,12.083,12.083,12.083,12.083,12.083,12.083,12.083,12.083,12.083,12.083,12.083,12.083,12.083,12.083,12.083,12.083,12.083,12.082,11.992,8.8976,2.3312,1.0395,1.0006,1,1,1,1,1,1,1,1,1,1,1,1,1,1,1,1,1,1,1,1,1,1,12.083,12.083,12.083,12.083,12.083,12.083,12.083,12.083,12.083,12.083,12.083,12.083,12.083,12.083,12.083,12.083,12.083,12.083,12.083,12.083,12.083,12.083,12.083,12.083,12.083,12.083,12.083,12.083,12.083,12.083,12.083,12.083,12.083,12.083,12.083,12.083,12.083,12.083,12.083,12.083,12.083,12.083,12.083,12.083,1,1,1,1,1,1,1,1,1,1,1,1
1,1,1,1,1,1,1,1,1,1,1,12.083,12.083,12.083,12.083,12.083,12.083,12.083,12.083,12.083,12.083,12.083,12.083,12.083,12.083,12.083,12.083,12.083,12.083,12.083,12.083,12.083,12.083,12.083,12.083,12.083,12.083,12.083,12.083,12.083,12.083,12.083,12.083,12.083,12.083,12.083,12.083,12.083,12.083,12.083,12.083,12.083,12.083,12.083,12.083,12.083,12.083,1,1,1,1,1,1,1,1,1,1,1,1,1,1,1,1,1,1,1,1,1.074,12.005,12.082,12.083,12.083,12.083,12.083,12.083,12.083,12.083,12.083,12.083,12.083,12.083,12.083,12.083,12.083,12.083,12.083,12.083,12.083,12.083,12.083,12.083,12.083,12.083,12.083,12.083,12.083,12.083,12.083,12.083,12.083,12.083,12.083,12.083,12.083,12.083,12.083,12.083,12.083,12.083,12.083,12.083,12.083,12.083,12.083,1.2189,1,1,1,1,1,1,1,1,1,1,1,1,1,1,1,1,1,1,1,1,1,1,1,1,1.0239,12.053,12.083,12.083,12.083,12.083,12.083,12.083,12.083,12.083,12.083,12.083,12.083,12.083,12.083,12.083,12.083,12.083,12.083,12.083,12.083,12.083,12.083,12.083,12.083,12.083,12.083,12.083,12.083,12.083,12.083,12.083,12.083,12.083,12.083,12.083,12.083,12.083,12.083,12.083,12.083,12.083,12.083,12.083,12.083,12.083,12.083,12.082,12.076,12.013,11.633,9.6168,4.5856,1.5014,1.1501,1.1501,1.5014,4.5856,9.6168,11.633,12.013,12.076,12.082,12.083,12.083,12.083,12.083,12.083,12.083,12.083,12.083,12.083,12.083,12.083,12.083,12.083,12.083,12.083,12.083,12.083,12.083,12.083,12.083,12.083,12.083,12.083,12.083,12.083,12.083,12.083,12.083,12.083,12.083,12.083,12.083,12.083,12.083,12.083,12.083,12.083,12.083,12.083,12.083,12.083,12.083,12.083,12.083,12.083,12.053,1.0239,1,1,1,1,1,1,1,1,1,1,1,1,1,1,1,1,1,1,1,1,1,1,1,1,1.2189,12.083,12.083,12.083,12.083,12.083,12.083,12.083,12.083,12.083,12.083,12.083,12.083,12.083,12.083,12.083,12.083,12.083,12.083,12.083,12.083,12.083,12.083,12.083,12.083,12.083,12.083,12.083,12.083,12.083,12.083,12.083,12.083,12.083,12.083,12.083,12.083,12.083,12.083,12.083,12.083,12.083,12.083,12.083,12.083,12.082,12.005,1.074,1,1,1,1,1,1,1,1,1,1,1,1,1,1,1,1,1,1,1,1,12.083,12.083,12.083,12.083,12.083,12.083,12.083,12.083,12.083,12.083,12.083,12.083,12.083,12.083,12.083,12.083,12.083,12.083,12.083,12.083,12.083,12.083,12.083,12.083,12.083,12.083,12.083,12.083,12.083,12.083,12.083,12.083,12.083,12.083,12.083,12.083,12.083,12.083,12.083,12.083,12.083,12.083,12.083,12.083,12.083,12.083,1,1,1,1,1,1,1,1,1,1,1
1,1,1,1,1,1,1,1,1,1,1,12.083,12.083,12.083,12.083,12.083,12.083,12.083,12.083,12.083,12.083,12.083,12.083,12.083,12.083,12.083,12.083,12.083,12.083,12.083,12.083,12.083,12.083,12.083,12.083,12.083,12.083,12.083,12.083,12.083,12.083,12.083,12.083,12.083,12.083,12.083,12.083,12.083,12.083,12.083,12.083,12.083,12.083,12.083,12.083,12.083,12.083,1,1,1,1,1,1,1,1,1,1,1,1,1,1,1,1,1,1,1,1.0016,12.052,12.083,12.083,12.083,12.083,12.083,12.083,12.083,12.083,12.083,12.083,12.083,12.083,12.083,12.083,12.083,12.083,12.083,12.083,12.083,12.083,12.083,12.083,12.083,12.083,12.083,12.083,12.083,12.083,12.083,12.083,12.083,12.083,12.083,12.083,12.083,12.083,12.083,12.083,12.083,12.083,12.083,12.083,12.083,12.083,12.083,12.083,1.0754,1,1,1,1,1,1,1,1,1,1,1,1,1,1,1,1,1,1,1,1,1,1,1,1,4.2584,12.082,12.083,12.083,12.083,12.083,12.083,12.083,12.083,12.083,12.083,12.083,12.083,12.083,12.083,12.083,12.083,12.083,12.083,12.083,12.083,12.083,12.083,12.083,12.083,12.083,12.083,12.083,12.083,12.083,12.083,12.083,12.083,12.083,12.083,12.083,12.083,12.083,12.083,12.083,12.083,12.083,12.083,12.083,12.083,12.083,12.083,12.083,12.083,12.083,12.083,12.083,12.082,12.082,12.081,12.081,12.082,12.082,12.083,12.083,12.083,12.083,12.083,12.083,12.083,12.083,12.083,12.083,12.083,12.083,12.083,12.083,12.083,12.083,12.083,12.083,12.083,12.083,12.083,12.083,12.083,12.083,12.083,12.083,12.083,12.083,12.083,12.083,12.083,12.083,12.083,12.083,12.083,12.083,12.083,12.083,12.083,12.083,12.083,12.083,12.083,12.083,12.083,12.083,12.083,12.083,12.083,12.083,12.082,4.2584,1,1,1,1,1,1,1,1,1,1,1,1,1,1,1,1,1,1,1,1,1,1,1,1,1.0754,12.083,12.083,12.083,12.083,12.083,12.083,12.083,12.083,12.083,12.083,12.083,12.083,12.083,12.083,12.083,12.083,12.083,12.083,12.083,12.083,12.083,12.083,12.083,12.083,12.083,12.083,12.083,12.083,12.083,12.083,12.083,12.083,12.083,12.083,12.083,12.083,12.083,12.083,12.083,12.083,12.083,12.083,12.083,12.083,12.083,12.083,12.052,1.0016,1,1,1,1,1,1,1,1,1,1,1,1,1,1,1,1,1,1,1,12.083,12.083,12.083,12.083,12.083,12.083,12.083,12.083,12.083,12.083,12.083,12.083,12.083,12.083,12.083,12.083,12.083,12.083,12.083,12.083,12.083,12.083,12.083,12.083,12.083,12.083,12.083,12.083,12.083,12.083,12.083,12.083,12.083,12.083,12.083,12.083,12.083,12.083,12.083,12.083,12.083,12.083,12.083,12.083,12.083,12.083,1,1,1,1,1,1,1,1,1,1,1
1,1,1,1,1,1,1,1,1,1,12.083,12.083,12.083,12.083,12.083,12.083,12.083,12.083,12.083,12.083,12.083,12.083,12.083,12.083,12.083,12.083,12.083,12.083,12.083,12.083,12.083,12.083,12.083,12.083,12.083,12.083,12.083,12.083,12.083,12.083,12.083,12.083,12.083,12.083,12.083,12.083,12.083,12.083,12.083,12.083,12.083,12.083,12.083,12.083,12.083,12.083,12.083,12.083,1,1,1,1,1,1,1,1,1,1,1,1,1,1,1,1,1,1,1.7694,12.083,12.083,12.083,12.083,12.083,12.083,12.083,12.083,12.083,12.083,12.083,12.083,12.083,12.083,12.083,12.083,12.083,12.083,12.083,12.083,12.083,12.083,12.083,12.083,12.083,12.083,12.083,12.083,12.083,12.083,12.083,12.083,12.083,12.083,12.083,12.083,12.083,12.083,12.083,12.083,12.083,12.083,12.083,12.083,12.083,12.083,12.082,1.0082,1,1,1,1,1,1,1,1,1,1,1,1,1,1,1,1,1,1,1,1,1,1,1,1.0001,11.72,12.083,12.083,12.083,12.083,12.083,12.083,12.083,12.083,12.083,12.083,12.083,12.083,12.083,12.083,12.083,12.083,12.083,12.083,12.083,12.083,12.083,12.083,12.083,12.083,12.083,12.083,12.083,12.083,12.083,12.083,12.083,12.083,12.083,12.083,12.083,12.083,12.083,12.083,12.083,12.083,12.083,12.083,12.083,12.083,12.083,12.083,12.083,12.083,12.083,12.083,12.083,12.083,12.083,12.083,12.083,12.083,12.083,12.083,12.083,12.083,12.083,12.083,12.083,12.083,12.083,12.083,12.083,12.083,12.083,12.083,12.083,12.083,12.083,12.083,12.083,12.083,12.083,12.083,12.083,12.083,12.083,12.083,12.083,12.083,12.083,12.083,12.083,12.083,12.083,12.083,12.083,12.083,12.083,12.083,12.083,12.083,12.083,12.083,12.083,12.083,12.083,12.083,12.083,12.083,12.083,12.083,12.083,12.083,11.72,1.0001,1,1,1,1,1,1,1,1,1,1,1,1,1,1,1,1,1,1,1,1,1,1,1,1.0082,12.082,12.083,12.083,12.083,12.083,12.083,12.083,12.083,12.083,12.083,12.083,12.083,12.083,12.083,12.083,12.083,12.083,12.083,12.083,12.083,12.083,12.083,12.083,12.083,12.083,12.083,12.083,12.083,12.083,12.083,12.083,12.083,12.083,12.083,12.083,12.083,12.083,12.083,12.083,12.083,12.083,12.083,12.083,12.083,12.083,12.083,12.083,1.7694,1,1,1,1,1,1,1,1,1,1,1,1,1,1,1,1,1,1,12.083,12.083,12.083,12.083,12.083,12.083,12.083,12.083,12.083,12.083,12.083,12.083,12.083,12.083,12.083,12.083,12.083,12.083,12.083,12.083,12.083,12.083,12.083,12.083,12.083,12.083,12.083,12.083,12.083,12.083,12.083,12.083,12.083,12.083,12.083,12.083,12.083,12.083,12.083,12.083,12.083,12.083,12.083,12.083,12.083,12.083,12.083,12.083,1,1,1,1,1,1,1,1,1,1
1,1,1,1,1,1,1,1,1,1,12.083,12.083,12.083,12.083,12.083,12.083,12.083,12.083,12.083,12.083,12.083,12.083,12.083,12.083,12.083,12.083,12.083,12.083,12.083,12.083,12.083,12.083,12.083,12.083,12.083,12.083,12.083,12.083,12.083,12.083,12.083,12.083,12.083,12.083,12.083,12.083,12.083,12.083,12.083,12.083,12.083,12.083,12.083,12.083,12.083,12.083,12.083,12.083,1,1,1,1,1,1,1,1,1,1,1,1,1,1,1,1,1,1,11.198,12.083,12.083,12.083,12.083,12.083,12.083,12.083,12.083,12.083,12.083,12.083,12.083,12.083,12.083,12.083,12.083,12.083,12.083,12.083,12.083,12.083,12.083,12.083,12.083,12.083,12.083,12.083,12.083,12.083,12.083,12.083,12.083,12.083,12.083,12.083,12.083,12.083,12.083,12.083,12.083,12.083,12.083,12.083,12.083,12.083,12.083,12.057,1.0002,1,1,1,1,1,1,1,1,1,1,1,1,1,1,1,1,1,1,1,1,1,1,1,1.0093,12.077,12.083,12.083,12.083,12.083,12.083,12.083,12.083,12.083,12.083,12.083,12.083,12.083,12.083,12.083,12.083,12.083,12.083,12.083,12.083,12.082,12.083,12.083,12.083,12.083,12.083,12.083,12.082,12.083,12.083,12.083,12.083,12.083,12.083,12.083,12.083,12.083,12.083,12.083,12.083,12.083,12.083,12.083,12.083,12.083,12.083,12.083,12.083,12.083,12.083,12.083,12.083,12.083,12.083,12.083,12.083,12.083,12.083,12.083,12.083,12.083,12.083,12.083,12.083,12.083,12.083,12.083,12.083,12.083,12.083,12.083,12.083,12.083,12.083,12.083,12.083,12.083,12.083,12.083,12.083,12.083,12.083,12.082,12.083,12.083,12.083,12.083,12.083,12.083,12.082,12.083,12.083,12.083,12.083,12.083,12.083,12.083,12.083,12.083,12.083,12.083,12.083,12.083,12.083,12.083,12.083,12.083,12.083,12.083,12.077,1.0093,1,1,1,1,1,1,1,1,1,1,1,1,1,1,1,1,1,1,1,1,1,1,1,1.0002,12.057,12.083,12.083,12.083,12.083,12.083,12.083,12.083,12.083,12.083,12.083,12.083,12.083,12.083,12.083,12.083,12.083,12.083,12.083,12.083,12.083,12.083,12.083,12.083,12.083,12.083,12.083,12.083,12.083,12.083,12.083,12.083,12.083,12.083,12.083,12.083,12.083,12.083,12.083,12.083,12.083,12.083,12.083,12.083,12.083,12.083,12.083,11.198,1,1,1,1,1,1,1,1,1,1,1,1,1,1,1,1,1,1,12.083,12.083,12.083,12.083,12.083,12.083,12.083,12.083,12.083,12.083,12.083,12.083,12.083,12.083,12.083,12.083,12.083,12.083,12.083,12.083,12.083,12.083,12.083,12.083,12.083,12.083,12.083,12.083,12.083,12.083,12.083,12.083,12.083,12.083,12.083,12.083,12.083,12.083,12.083,12.083,12.083,12.083,12.083,12.083,12.083,12.083,12.083,12.083,1,1,1,1,1,1,1,1,1,1
1,1,1,1,1,1,1,1,1,12.083,12.083,12.083,12.083,12.083,12.083,12.083,12.083,12.083,12.083,12.083,12.083,12.083,12.083,12.083,12.083,12.083,12.083,12.083,12.083,12.083,12.083,12.083,12.083,12.083,12.083,12.083,12.083,12.083,12.083,12.083,12.083,12.083,12.083,12.083,12.083,12.083,12.083,12.083,12.083,12.083,12.083,12.083,12.083,12.083,12.083,12.083,12.083,12.083,12.083,1,1,1,1,1,1,1,1,1,1,1,1,1,1,1,1,1.0002,12.069,12.083,12.083,12.083,12.083,12.083,12.083,12.083,12.083,12.083,12.083,12.083,12.083,12.083,12.083,12.083,12.083,12.083,12.083,12.083,12.083,12.083,12.083,12.083,12.083,12.083,12.083,12.083,12.083,12.083,12.081,12.058,11.975,12.029,12.081,12.083,12.083,12.083,12.083,12.083,12.083,12.083,12.083,12.083,12.083,12.083,12.083,9.4313,1,1,1,1,1,1,1,1,1,1,1,1,1,1,1,1,1,1,1,1,1,1,1,1,5.2007,12.083,12.083,12.083,12.083,12.083,12.083,12.083,12.083,12.083,12.083,12.083,12.083,12.083,12.083,12.083,12.083,12.083,12.08,11.596,6.3691,4.3232,7.0906,10.416,11.355,11.374,10.5,7.7125,5.5371,7.9218,11.779,12.081,12.083,12.083,12.083,12.083,12.083,12.083,12.083,12.083,12.083,12.083,12.083,12.083,12.083,12.083,12.083,12.083,12.083,12.083,12.083,12.083,12.083,12.083,12.083,12.083,12.083,12.083,12.083,12.083,12.083,12.083,12.083,12.083,12.083,12.083,12.083,12.083,12.083,12.083,12.083,12.083,12.083,12.083,12.083,12.083,12.083,12.083,12.083,12.083,12.081,11.779,7.9218,5.5371,7.7125,10.5,11.374,11.355,10.416,7.0906,4.3232,6.3691,11.596,12.08,12.083,12.083,12.083,12.083,12.083,12.083,12.083,12.083,12.083,12.083,12.083,12.083,12.083,12.083,12.083,12.083,12.083,5.2007,1,1,1,1,1,1,1,1,1,1,1,1,1,1,1,1,1,1,1,1,1,1,1,1,9.4313,12.083,12.083,12.083,12.083,12.083,12.083,12.083,12.083,12.083,12.083,12.083,12.083,12.081,12.029,11.975,12.058,12.081,12.083,12.083,12.083,12.083,12.083,12.083,12.083,12.083,12.083,12.083,12.083,12.083,12.083,12.083,12.083,12.083,12.083,12.083,12.083,12.083,12.083,12.083,12.083,12.083,12.083,12.083,12.083,12.083,12.083,12.069,1.0002,1,1,1,1,1,1,1,1,1,1,1,1,1,1,1,1,12.083,12.083,12.083,12.083,12.083,12.083,12.083,12.083,12.083,12.083,12.083,12.083,12.083,12.083,12.083,12.083,12.083,12.083,12.083,12.083,12.083,12.083,12.083,12.083,12.083,12.083,12.083,12.083,12.083,12.083,12.083,12.083,12.083,12.083,12.083,12.083,12.083,12.083,12.083,12.083,12.083,12.083,12.083,12.083,12.083,12.083,12.083,12.083,12.083,12.083,1,1,1,1,1,1,1,1,1
1,1,1,1,1,1,1,1,12.083,12.083,12.083,12.083,12.083,12.083,12.083,12.083,12.083,12.083,12.083,12.083,12.083,12.083,12.083,12.083,12.083,12.083,12.083,12.083,12.083,12.083,12.083,1,1,1,1,1,1,12.083,12.083,12.083,12.083,12.083,12.083,12.083,12.083,12.083,12.083,12.083,12.083,12.083,12.083,12.083,12.083,12.083,12.083,12.083,12.083,12.083,12.083,12.083,1,1,1,1,1,1,1,1,1,1,1,1,1,1,1,1.4271,12.083,12.083,12.083,12.083,12.083,12.083,12.083,12.083,12.083,12.083,12.083,12.083,12.083,12.083,12.083,12.083,12.083,12.083,12.083,12.083,12.083,12.083,12.083,12.083,12.083,12.082,12.081,12.061,11.675,6.2066,1.0871,1.0039,1.0008,1.0024,1.2565,12.001,12.083,12.083,12.083,12.083,12.083,12.083,12.083,12.083,12.083,12.083,12.082,1.0821,1,1,1,1,1,1,1,1,1,1.0001,1.0119,1.1268,1.055,1.0016,1,1,1,1,1,1,1,1,1,1.0024,12.054,12.083,12.083,12.083,12.083,12.083,12.083,12.083,12.083,12.083,12.083,12.083,12.083,12.083,12.083,12.083,12.083,12.063,1.1895,1.0002,1,1,1,1.0001,1.0002,1.0002,1.0001,1,1,1,1.0012,4.1987,12.08,12.083,12.083,12.083,12.083,12.083,12.083,12.083,12.083,12.083,12.083,12.083,12.083,12.083,12.083,12.083,12.083,12.083,12.083,12.083,12.083,12.083,12.083,12.083,12.083,12.083,12.083,12.083,12.083,12.083,12.083,12.083,12.083,12.083,12.083,12.083,12.083,12.083,12.083,12.083,12.083,12.083,12.083,12.083,12.083,12.083,12.083,12.08,4.1987,1.0012,1,1,1,1.0001,1.0002,1.0002,1.0001,1,1,1,1.0002,1.1895,12.063,12.083,12.083,12.083,12.083,12.083,12.083,12.083,12.083,12.083,12.083,12.083,12.083,12.083,12.083,12.083,12.083,12.054,1.0024,1,1,1,1,1,1,1,1,1,1.0016,1.055,1.1268,1.0119,1.0001,1,1,1,1,1,1,1,1,1,1.0821,12.082,12.083,12.083,12.083,12.083,12.083,12.083,12.083,12.083,12.083,12.083,12.001,1.2565,1.0024,1.0008,1.0039,1.0871,6.2066,11.675,12.061,12.081,12.082,12.083,12.083,12.083,12.083,12.083,12.083,12.083,12.083,12.083,12.083,12.083,12.083,12.083,12.083,12.083,12.083,12.083,12.083,12.083,12.083,12.083,12.083,12.083,12.083,12.083,1.4271,1,1,1,1,1,1,1,1,1,1,1,1,1,1,1,12.083,12.083,12.083,12.083,12.083,12.083,12.083,12.083,12.083,12.083,12.083,12.083,12.083,12.083,12.083,12.083,12.083,12.083,12.083,12.083,12.083,12.083,12.083,1,1,1,1,1,1,12.083,12.083,12.083,12.083,12.083,12.083,12.083,12.083,12.083,12.083,12.083,12.083,12.083,12.083,12.083,12.083,12.083,12.083,12.083,12.083,12.083,12.083,12.083,1,1,1,1,1,1,1,1
1,1,1,1,1,1,1,12.083,12.083,12.083,12.083,12.083,12.083,12.083,12.083,12.083,12.083,12.083,12.083,12.083,12.083,12.083,12.083,12.083,12.083,12.083,12.083,12.083,12.083,1,1,1,1,1,1,1,1,1,1,12.083,12.083,12.083,12.083,12.083,12.083,12.083,12.083,12.083,12.083,12.083,12.083,12.083,12.083,12.083,12.083,12.083,12.083,12.083,12.083,12.083,12.083,1,1,1,1,1,1,1,1,1,1,1,1,1,1.032,12.079,12.083,12.083,12.083,12.083,12.083,12.083,12.083,12.083,12.083,12.083,12.083,12.083,12.083,12.083,12.083,12.083,12.083,12.083,12.075,8.2454,1.1596,1.0568,1.1147,1.1938,1.2267,1.092,1.0236,1.0036,1.0005,1,1,1,1,1,1,1.0537,12.075,12.083,12.083,12.083,12.083,12.083,12.083,12.083,12.083,12.083,12.08,1.0036,1,1,1,1,1,1,1,1.0007,5.7759,12.056,12.082,12.083,12.082,12.081,11.918,1.9654,1.0004,1,1,1,1,1,1.0002,10.157,12.083,12.083,12.083,12.083,12.083,12.083,12.083,12.083,12.083,12.083,12.083,12.083,12.083,12.083,12.083,12.083,12.082,1.4209,1,1,1,1,1,1,1,1,1,1,1,1,1,1.0001,6.8365,12.082,12.083,12.083,12.083,12.083,12.083,12.083,12.083,12.083,12.083,12.083,12.083,12.083,12.083,12.083,12.083,12.083,12.083,12.083,12.083,12.083,12.083,12.083,12.083,12.083,12.083,12.083,12.083,12.083,12.083,12.083,12.083,12.083,12.083,12.083,12.083,12.083,12.083,12.083,12.083,12.083,12.083,12.083,12.083,12.083,12.082,6.8365,1.0001,1,1,1,1,1,1,1,1,1,1,1,1,1,1.4209,12.082,12.083,12.083,12.083,12.083,12.083,12.083,12.083,12.083,12.083,12.083,12.083,12.083,12.083,12.083,12.083,12.083,10.157,1.0002,1,1,1,1,1,1.0004,1.9654,11.918,12.081,12.082,12.083,12.082,12.056,5.7759,1.0007,1,1,1,1,1,1,1,1.0036,12.08,12.083,12.083,12.083,12.083,12.083,12.083,12.083,12.083,12.083,12.075,1.0537,1,1,1,1,1,1,1.0005,1.0036,1.0236,1.092,1.2267,1.1938,1.1147,1.0568,1.1596,8.2454,12.075,12.083,12.083,12.083,12.083,12.083,12.083,12.083,12.083,12.083,12.083,12.083,12.083,12.083,12.083,12.083,12.083,12.083,12.083,12.079,1.032,1,1,1,1,1,1,1,1,1,1,1,1,1,12.083,12.083,12.083,12.083,12.083,12.083,12.083,12.083,12.083,12.083,12.083,12.083,12.083,12.083,12.083,12.083,12.083,12.083,12.083,12.083,12.083,12.083,1,1,1,1,1,1,1,1,1,1,12.083,12.083,12.083,12.083,12.083,12.083,12.083,12.083,12.083,12.083,12.083,12.083,12.083,12.083,12.083,12.083,12.083,12.083,12.083,12.083,12.083,12.083,1,1,1,1,1,1,1
1,1,1,1,1,12.083,12.083,12.083,12.083,12.083,12.083,12.083,12.083,12.083,12.083,12.083,12.083,12.083,12.083,12.083,12.083,12.083,12.083,12.083,12.083,12.083,12.083,1,1,1,1,1,1,1,1,1,1,1,1,1,1,12.083,12.083,12.083,12.083,12.083,12.083,12.083,12.083,12.083,12.083,12.083,12.083,12.083,12.083,12.083,12.083,12.083,12.083,12.083,12.083,12.083,12.083,1,1,1,1,1,1,1,1,1,1.0004,4.1441,12.082,12.083,12.083,12.083,12.083,12.083,12.083,12.083,12.083,12.083,12.083,12.083,12.083,12.083,12.083,12.083,12.083,12.083,12.083,11.975,1.0065,1,1,1,1,1,1,1,1,1,1,1,1,1,1,1,1,1.0001,10.727,12.083,12.083,12.083,12.083,12.083,12.083,12.083,12.083,12.083,12.079,1.0053,1,1,1,1,1,1,1.2268,12.056,12.083,12.083,12.083,12.083,12.083,12.083,12.083,12.083,12.07,8.7825,1.0329,1.0009,1.0007,1.0293,11.034,12.082,12.083,12.083,12.083,12.083,12.083,12.083,12.083,12.083,12.083,12.083,12.083,12.083,12.083,12.083,12.083,12.083,12,1.0004,1,1,1,1,1,1,1,1,1,1,1,1,1,1,1.0006,11.512,12.083,12.083,12.083,12.083,12.083,12.083,12.083,12.083,12.083,12.083,12.083,12.083,12.083,12.083,12.083,12.083,12.083,12.083,12.083,12.083,12.083,12.083,12.083,12.083,12.083,12.083,12.083,12.083,12.083,12.083,12.083,12.083,12.083,12.083,12.083,12.083,12.083,12.083,12.083,12.083,12.083,12.083,12.083,12.083,11.512,1.0006,1,1,1,1,1,1,1,1,1,1,1,1,1,1,1.0004,12,12.083,12.083,12.083,12.083,12.083,12.083,12.083,12.083,12.083,12.083,12.083,12.083,12.083,12.083,12.083,12.083,12.082,11.034,1.0293,1.0007,1.0009,1.0329,8.7825,12.07,12.083,12.083,12.083,12.083,12.083,12.083,12.083,12.083,12.056,1.2268,1,1,1,1,1,1,1.0053,12.079,12.083,12.083,12.083,12.083,12.083,12.083,12.083,12.083,12.083,10.727,1.0001,1,1,1,1,1,1,1,1,1,1,1,1,1,1,1,1,1.0065,11.975,12.083,12.083,12.083,12.083,12.083,12.083,12.083,12.083,12.083,12.083,12.083,12.083,12.083,12.083,12.083,12.083,12.083,12.083,12.082,4.1441,1.0004,1,1,1,1,1,1,1,1,1,12.083,12.083,12.083,12.083,12.083,12.083,12.083,12.083,12.083,12.083,12.083,12.083,12.083,12.083,12.083,12.083,12.083,12.083,12.083,12.083,12.083,12.083,1,1,1,1,1,1,1,1,1,1,1,1,1,1,12.083,12.083,12.083,12.083,12.083,12.083,12.083,12.083,12.083,12.083,12.083,12.083,12.083,12.083,12.083,12.083,12.083,12.083,12.083,12.083,12.083,12.083,1,1,1,1,1
1,1,1,12.083,12.083,12.083,12.083,12.083,12.083,12.083,12.083,12.083,12.083,12.083,12.083,12.083,12.083,12.083,12.083,12.083,12.083,12.083,12.083,12.083,12.083,12.083,1,1,1,1,1,1,1,1,1,1,1,1,1,1,1,1,12.083,12.083,12.083,12.083,12.083,12.083,12.083,12.083,12.083,12.083,12.083,12.083,12.083,12.083,12.083,12.083,12.083,12.083,12.083,12.083,12.083,12.083,12.083,1,1,1,1,1,1,11.319,12.081,12.083,12.083,12.083,12.083,12.083,12.083,12.083,12.083,12.083,12.083,12.083,12.083,12.083,12.083,12.083,12.083,12.083,12.083,12.083,12.082,1.1415,1,1,1,1,1,1,1,1,1,1,1,1,1,1,1,1,1,1,3.7148,12.083,12.083,12.083,12.083,12.083,12.083,12.083,12.083,12.083,12.082,1.9929,1,1,1,1,1.0012,10.332,12.082,12.083,12.083,12.083,12.083,12.083,12.083,12.083,12.083,12.083,12.083,12.083,12.082,12.078,12.073,12.081,12.083,12.083,12.083,12.083,12.083,12.083,12.083,12.083,12.083,12.083,12.083,12.083,12.083,12.083,12.083,12.083,12.083,12.083,9.8303,1,1,1,1,1,1,1,1,1,1,1,1,1,1,1,1,1.0044,11.512,12.082,12.083,12.083,12.083,12.083,12.083,12.083,12.083,12.083,12.083,12.083,12.083,12.083,12.083,12.083,12.083,12.083,12.083,12.083,12.083,12.083,12.083,12.083,12.083,12.083,12.083,12.083,12.083,12.083,12.083,12.083,12.083,12.083,12.083,12.083,12.083,12.083,12.083,12.083,12.083,12.083,12.082,11.512,1.0044,1,1,1,1,1,1,1,1,1,1,1,1,1,1,1,1,9.8303,12.083,12.083,12.083,12.083,12.083,12.083,12.083,12.083,12.083,12.083,12.083,12.083,12.083,12.083,12.083,12.083,12.083,12.083,12.081,12.073,12.078,12.082,12.083,12.083,12.083,12.083,12.083,12.083,12.083,12.083,12.083,12.083,12.083,12.082,10.332,1.0012,1,1,1,1,1.9929,12.082,12.083,12.083,12.083,12.083,12.083,12.083,12.083,12.083,12.083,3.7148,1,1,1,1,1,1,1,1,1,1,1,1,1,1,1,1,1,1,1.1415,12.082,12.083,12.083,12.083,12.083,12.083,12.083,12.083,12.083,12.083,12.083,12.083,12.083,12.083,12.083,12.083,12.083,12.083,12.083,12.083,12.081,11.319,1,1,1,1,1,1,12.083,12.083,12.083,12.083,12.083,12.083,12.083,12.083,12.083,12.083,12.083,12.083,12.083,12.083,12.083,12.083,12.083,12.083,12.083,12.083,12.083,12.083,12.083,1,1,1,1,1,1,1,1,1,1,1,1,1,1,1,1,12.083,12.083,12.083,12.083,12.083,12.083,12.083,12.083,12.083,12.083,12.083,12.083,12.083,12.083,12.083,12.083,12.083,12.083,12.083,12.083,12.083,12.083,12.083,1,1,1
12.083,12.083,12.083,12.083,12.083,12.083,12.083,12.083,12.083,12.083,12.083,12.083,12.083,12.083,12.083,12.083,12.083,12.083,12.083,12.083,12.083,12.083,12.083,12.083,12.083,1,1,1,1,1,1,1,1,1,1,1,1,1,1,1,1,1,1,12.083,12.083,12.083,12.083,12.083,12.083,12.083,12.083,12.083,12.083,12.083,12.083,12.083,12.083,12.083,12.083,12.083,12.083,12.083,12.083,12.083,12.083,12.083,12.083,12.083,12.083,12.083,12.083,12.083,12.083,12.083,12.083,12.083,12.083,12.083,12.083,12.083,12.083,12.083,12.083,12.083,12.083,12.083,12.083,12.083,12.083,12.083,12.083,12.083,12.081,1.0035,1,1,1,1,1,1,1,1,1,1,1,1,1,1,1,1,1,1,2.3162,12.083,12.083,12.083,12.083,12.083,12.083,12.083,12.083,12.083,12.083,12.068,1.616,1.0039,1.0048,2.565,12.058,12.083,12.083,12.083,12.083,12.083,12.083,12.083,12.083,12.083,12.083,12.083,12.083,12.083,12.083,12.083,12.083,12.083,12.083,12.083,12.083,12.083,12.083,12.083,12.083,12.083,12.083,12.083,12.083,12.083,12.083,12.083,12.083,12.083,12.083,12.083,5.5441,1,1,1,1,1,1,1,1,1,1,1,1,1,1,1,1,1,1.0011,3.4562,11.992,12.082,12.083,12.083,12.083,12.083,12.083,12.083,12.083,12.083,12.083,12.083,12.083,12.083,12.083,12.083,12.083,12.083,12.083,12.083,12.083,12.083,12.083,12.083,12.083,12.083,12.083,12.083,12.083,12.083,12.083,12.083,12.083,12.083,12.083,12.083,12.083,12.083,12.082,11.992,3.4562,1.0011,1,1,1,1,1,1,1,1,1,1,1,1,1,1,1,1,1,5.5441,12.083,12.083,12.083,12.083,12.083,12.083,12.083,12.083,12.083,12.083,12.083,12.083,12.083,12.083,12.083,12.083,12.083,12.083,12.083,12.083,12.083,12.083,12.083,12.083,12.083,12.083,12.083,12.083,12.083,12.083,12.083,12.083,12.083,12.083,12.083,12.058,2.565,1.0048,1.0039,1.616,12.068,12.083,12.083,12.083,12.083,12.083,12.083,12.083,12.083,12.083,12.083,2.3162,1,1,1,1,1,1,1,1,1,1,1,1,1,1,1,1,1,1,1.0035,12.081,12.083,12.083,12.083,12.083,12.083,12.083,12.083,12.083,12.083,12.083,12.083,12.083,12.083,12.083,12.083,12.083,12.083,12.083,12.083,12.083,12.083,12.083,12.083,12.083,12.083,12.083,12.083,12.083,12.083,12.083,12.083,12.083,12.083,12.083,12.083,12.083,12.083,12.083,12.083,12.083,12.083,12.083,12.083,12.083,12.083,12.083,12.083,12.083,12.083,1,1,1,1,1,1,1,1,1,1,1,1,1,1,1,1,1,1,12.083,12.083,12.083,12.083,12.083,12.083,12.083,12.083,12.083,12.083,12.083,12.083,12.083,12.083,12.083,12.083,12.083,12.083,12.083,12.083,12.083,12.083,12.083,12.083,12.083
12.083,12.083,12.083,12.083,12.083,12.083,12.083,12.083,12.083,12.083,12.083,12.083,12.083,12.083,12.083,12.083,12.083,12.083,12.083,12.083,12.083,12.083,12.083,12.083,1,1,1,1,1,1,1,1,1,1,1,1,1,1,1,1,1,1,1,1,12.083,12.083,12.083,12.083,12.083,12.083,12.083,12.083,12.083,12.083,12.083,12.083,12.083,12.083,12.083,12.083,12.083,12.083,12.083,12.083,12.083,12.083,12.083,12.083,12.083,12.083,12.083,12.083,12.083,12.083,12.083,12.083,12.083,12.083,12.083,12.083,12.083,12.083,12.083,12.083,12.083,12.083,12.083,12.083,12.083,12.083,12.083,12.083,12.082,1.0105,1,1,1,1,1,1,1,1,1,1,1,1,1,1,1,1,1,1,4.6816,12.083,12.083,12.083,12.083,12.083,12.083,12.083,12.083,12.083,12.083,12.083,12.082,12.077,12.081,12.083,12.083,12.083,12.083,12.083,12.083,12.077,10.634,2.3584,2.6086,11.106,12.08,12.083,12.083,12.083,12.083,12.083,12.083,12.083,12.083,12.083,12.083,12.083,12.083,12.083,12.083,12.083,12.083,12.083,12.083,12.083,12.083,12.083,12.083,12.083,12.083,12.083,3.7624,1,1,1,1,1,1,1,1,1,1,1,1,1,1,1,1,1,1,1,1.0078,6.4967,12.075,12.083,12.083,12.083,12.083,12.083,12.083,12.083,12.083,12.083,12.083,12.083,12.083,12.083,12.083,12.083,12.083,12.083,12.083,12.083,12.083,12.083,12.083,12.083,12.083,12.083,12.083,12.083,12.083,12.083,12.083,12.083,12.083,12.083,12.083,12.075,6.4967,1.0078,1,1,1,1,1,1,1,1,1,1,1,1,1,1,1,1,1,1,1,3.7624,12.083,12.083,12.083,12.083,12.083,12.083,12.083,12.083,12.083,12.083,12.083,12.083,12.083,12.083,12.083,12.083,12.083,12.083,12.083,12.083,12.083,12.083,12.083,12.083,12.083,12.08,11.106,2.6086,2.3584,10.634,12.077,12.083,12.083,12.083,12.083,12.083,12.083,12.081,12.077,12.082,12.083,12.083,12.083,12.083,12.083,12.083,12.083,12.083,12.083,12.083,12.083,4.6816,1,1,1,1,1,1,1,1,1,1,1,1,1,1,1,1,1,1,1.0105,12.082,12.083,12.083,12.083,12.083,12.083,12.083,12.083,12.083,12.083,12.083,12.083,12.083,12.083,12.083,12.083,12.083,12.083,12.083,12.083,12.083,12.083,12.083,12.083,12.083,12.083,12.083,12.083,12.083,12.083,12.083,12.083,12.083,12.083,12.083,12.083,12.083,12.083,12.083,12.083,12.083,12.083,12.083,12.083,12.083,12.083,12.083,12.083,12.083,1,1,1,1,1,1,1,1,1,1,1,1,1,1,1,1,1,1,1,1,12.083,12.083,12.083,12.083,12.083,12.083,12.083,12.083,12.083,12.083,12.083,12.083,12.083,12.083,12.083,12.083,12.083,12.083,12.083,12.083,12.083,12.083,12.083,12.083
12.083,12.083,12.083,12.083,12.083,12.083,12.083,12.083,12.083,12.083,12.083,12.083,12.083,12.083,12.083,12.083,12.083,12.083,12.083,12.083,12.083,12.083,12.083,12.083,1,1,1,1,1,1,1,1,1,1,1,1,1,1,1,1,1,1,1,1,12.083,12.083,12.083,12.083,12.083,12.083,12.083,12.083,12.083,12.083,12.083,12.083,12.083,12.083,12.083,12.083,12.083,12.083,12.083,12.083,12.083,12.083,12.083,12.083,12.083,12.083,12.083,12.083,12.083,12.083,12.083,12.083,12.083,12.083,12.083,12.083,12.083,12.083,12.083,12.083,12.083,12.083,12.083,12.083,12.083,12.083,12.083,12.083,12.083,4.0122,1,1,1,1,1,1,1,1,1,1,1,1,1,1,1,1,1,1,9.4462,12.083,12.083,12.083,12.083,12.083,12.083,12.083,12.083,12.083,12.083,12.083,12.083,12.083,12.083,12.083,12.083,12.083,12.083,12.083,12.045,1.0444,1,1,1,1,1.0175,11.937,12.083,12.083,12.083,12.083,12.083,12.083,12.083,12.083,12.083,12.083,12.083,12.083,12.083,12.083,12.083,12.083,12.083,12.083,12.083,12.083,12.083,12.083,12.083,12.083,3.219,1,1,1,1,1,1,1,1,1,1,1,1,1,1,1,1,1,1,1,1,1.0008,5.3522,12.081,12.083,12.083,12.083,12.083,12.083,12.083,12.083,12.083,12.083,12.083,12.083,12.083,12.083,12.083,12.083,12.083,12.083,12.083,12.083,12.083,12.083,12.083,12.083,12.083,12.083,12.083,12.083,12.083,12.083,12.083,12.083,12.083,12.081,5.3522,1.0008,1,1,1,1,1,1,1,1,1,1,1,1,1,1,1,1,1,1,1,1,3.219,12.083,12.083,12.083,12.083,12.083,12.083,12.083,12.083,12.083,12.083,12.083,12.083,12.083,12.083,12.083,12.083,12.083,12.083,12.083,12.083,12.083,12.083,12.083,12.083,11.937,1.0175,1,1,1,1,1.0444,12.045,12.083,12.083,12.083,12.083,12.083,12.083,12.083,12.083,12.083,12.083,12.083,12.083,12.083,12.083,12.083,12.083,12.083,12.083,12.083,9.4462,1,1,1,1,1,1,1,1,1,1,1,1,1,1,1,1,1,1,4.0122,12.083,12.083,12.083,12.083,12.083,12.083,12.083,12.083,12.083,12.083,12.083,12.083,12.083,12.083,12.083,12.083,12.083,12.083,12.083,12.083,12.083,12.083,12.083,12.083,12.083,12.083,12.083,12.083,12.083,12.083,12.083,12.083,12.083,12.083,12.083,12.083,12.083,12.083,12.083,12.083,12.083,12.083,12.083,12.083,12.083,12.083,12.083,12.083,12.083,1,1,1,1,1,1,1,1,1,1,1,1,1,1,1,1,1,1,1,1,12.083,12.083,12.083,12.083,12.083,12.083,12.083,12.083,12.083,12.083,12.083,12.083,12.083,12.083,12.083,12.083,12.083,12.083,12.083,12.083,12.083,12.083,12.083,12.083
12.083,12.083,12.083,12.083,12.083,12.083,12.083,12.083,12.083,12.083,12.083,12.083,12.083,12.083,12.083,12.083,12.083,12.083,12.083,12.083,12.083,12.083,12.083,1,1,1,1,1,1,1,1,1,1,1,1,1,1,1,1,1,1,1,1,1,1,12.083,12.083,12.083,12.083,12.083,12.083,12.083,12.083,12.083,12.083,12.083,12.083,12.083,12.083,12.083,12.083,12.083,12.083,12.083,12.083,12.083,12.083,12.083,12.083,12.083,12.083,12.083,12.083,12.083,12.083,12.083,12.083,12.083,12.083,12.083,12.083,12.083,12.083,12.083,12.083,12.083,12.083,12.083,12.083,12.083,12.083,12.083,12.083,12.061,1.0004,1,1,1,1,1,1,1,1,1,1,1,1,1,1,1,1,1,11.59,12.083,12.083,12.083,12.083,12.083,12.083,12.083,12.083,12.083,12.083,12.083,12.083,12.083,12.083,12.083,12.083,12.083,12.083,12.082,1.6668,1,1,1,1,1,1,1.0088,12.011,12.083,12.083,12.083,12.083,12.083,12.083,12.083,12.083,12.083,12.083,12.083,12.083,12.083,12.083,12.083,12.083,12.083,12.083,12.083,12.083,12.083,12.083,12.083,2.7434,1,1,1,1,1,1,1,1,1,1,1,1,1,1,1,1,1,1,1,1,1,1.008,11.895,12.083,12.083,12.083,12.083,12.083,12.083,12.083,12.083,12.083,12.083,12.083,12.083,12.083,12.083,12.083,12.083,12.083,12.083,12.083,12.083,12.083,12.083,12.083,12.083,12.083,12.083,12.083,12.083,12.083,12.083,12.083,12.083,11.895,1.008,1,1,1,1,1,1,1,1,1,1,1,1,1,1,1,1,1,1,1,1,1,2.7434,12.083,12.083,12.083,12.083,12.083,12.083,12.083,12.083,12.083,12.083,12.083,12.083,12.083,12.083,12.083,12.083,12.083,12.083,12.083,12.083,12.083,12.083,12.083,12.011,1.0088,1,1,1,1,1,1,1.6668,12.082,12.083,12.083,12.083,12.083,12.083,12.083,12.083,12.083,12.083,12.083,12.083,12.083,12.083,12.083,12.083,12.083,12.083,12.083,11.59,1,1,1,1,1,1,1,1,1,1,1,1,1,1,1,1,1,1.0004,12.061,12.083,12.083,12.083,12.083,12.083,12.083,12.083,12.083,12.083,12.083,12.083,12.083,12.083,12.083,12.083,12.083,12.083,12.083,12.083,12.083,12.083,12.083,12.083,12.083,12.083,12.083,12.083,12.083,12.083,12.083,12.083,12.083,12.083,12.083,12.083,12.083,12.083,12.083,12.083,12.083,12.083,12.083,12.083,12.083,12.083,12.083,12.083,12.083,1,1,1,1,1,1,1,1,1,1,1,1,1,1,1,1,1,1,1,1,1,1,12.083,12.083,12.083,12.083,12.083,12.083,12.083,12.083,12.083,12.083,12.083,12.083,12.083,12.083,12.083,12.083,12.083,12.083,12.083,12.083,12.083,12.083,12.083
12.083,12.083,12.083,12.083,12.083,12.083,12.083,12.083,12.083,12.083,12.083,12.083,12.083,12.083,12.083,12.083,12.083,12.083,12.083,12.083,12.083,12.083,12.083,1,1,1,1,1,1,1,1,1,1,1,1,1,1,1,1,1,1,1,1,1,1,12.083,12.083,12.083,12.083,12.083,12.083,12.083,12.083,12.083,12.083,12.083,12.083,12.083,12.083,12.083,12.083,12.083,12.083,12.083,12.083,12.083,12.083,12.083,12.083,12.083,12.083,12.083,12.083,12.083,12.083,12.083,12.083,12.083,12.083,12.083,12.083,12.083,12.083,12.083,12.083,12.083,12.083,12.083,12.083,12.083,12.083,12.083,12.083,12.083,3.4631,1,1,1,1,1,1,1,1,1,1,1,1,1,1,1,1,1,11.974,12.083,12.083,12.083,12.083,12.083,12.083,12.083,12.083,12.083,12.083,12.083,12.083,12.083,12.083,12.083,12.083,12.083,12.083,12.067,1.0115,1,1,1,1,1,1,1,2.8673,12.082,12.083,12.083,12.083,12.083,12.083,12.083,12.083,12.083,12.083,12.083,12.083,12.083,12.083,12.083,12.083,12.083,12.083,12.083,12.083,12.083,12.083,12.083,2.0137,1,1,1,1,1,1,1,1,1,1,1,1,1,1,1,1,1,1,1,1,1,1.0004,7.9919,12.082,12.083,12.083,12.083,12.083,12.083,12.083,12.083,12.083,12.083,12.083,12.083,12.083,12.083,12.083,12.083,12.083,12.083,12.083,12.083,12.083,12.083,12.083,12.083,12.083,12.083,12.083,12.083,12.083,12.083,12.083,12.082,7.9919,1.0004,1,1,1,1,1,1,1,1,1,1,1,1,1,1,1,1,1,1,1,1,1,2.0137,12.083,12.083,12.083,12.083,12.083,12.083,12.083,12.083,12.083,12.083,12.083,12.083,12.083,12.083,12.083,12.083,12.083,12.083,12.083,12.083,12.083,12.083,12.082,2.8673,1,1,1,1,1,1,1,1.0115,12.067,12.083,12.083,12.083,12.083,12.083,12.083,12.083,12.083,12.083,12.083,12.083,12.083,12.083,12.083,12.083,12.083,12.083,12.083,11.974,1,1,1,1,1,1,1,1,1,1,1,1,1,1,1,1,1,3.4631,12.083,12.083,12.083,12.083,12.083,12.083,12.083,12.083,12.083,12.083,12.083,12.083,12.083,12.083,12.083,12.083,12.083,12.083,12.083,12.083,12.083,12.083,12.083,12.083,12.083,12.083,12.083,12.083,12.083,12.083,12.083,12.083,12.083,12.083,12.083,12.083,12.083,12.083,12.083,12.083,12.083,12.083,12.083,12.083,12.083,12.083,12.083,12.083,12.083,1,1,1,1,1,1,1,1,1,1,1,1,1,1,1,1,1,1,1,1,1,1,12.083,12.083,12.083,12.083,12.083,12.083,12.083,12.083,12.083,12.083,12.083,12.083,12.083,12.083,12.083,12.083,12.083,12.083,12.083,12.083,12.083,12.083,12.083
12.083,12.083,12.083,12.083,12.083,12.083,12.083,12.083,12.083,12.083,12.083,12.083,12.083,12.083,12.083,12.083,12.083,12.083,12.083,12.083,12.083,12.083,1,1,1,1,1,1,1,1,1,1,1,1,1,1,1,1,1,1,1,1,1,1,1,1,12.083,12.083,12.083,12.083,12.083,12.083,12.083,12.083,12.083,12.083,12.083,12.083,12.083,12.083,12.083,12.083,12.083,12.083,12.083,12.083,12.083,12.083,12.083,12.083,12.083,12.083,12.083,12.083,12.083,12.083,12.083,12.083,12.083,12.083,12.083,12.083,12.083,12.083,12.083,12.083,12.083,12.083,12.083,12.083,12.083,12.083,12.083,12.083,12.062,1.0017,1,1,1,1,1,1,1,1,1,1,1,1,1,1,1,1,12.051,12.083,12.083,12.083,12.083,12.083,12.083,12.083,12.083,12.083,12.083,12.083,12.083,12.083,12.083,12.083,12.083,12.083,12.083,12.06,1.0236,1,1,1,1,1,1,1,1.0536,12.054,12.083,12.083,12.083,12.083,12.083,12.083,12.083,12.083,12.083,12.083,12.083,12.083,12.083,12.083,12.083,12.083,12.083,12.083,12.083,12.083,12.083,12.083,1.3053,1,1,1,1,1,1,1,1,1,1,1,1,1,1,1,1,1,1,1,1,1,1.0001,2.1939,12.081,12.083,12.083,12.083,12.083,12.083,12.083,12.083,12.083,12.083,12.083,12.083,12.083,12.083,12.083,12.083,12.083,12.083,12.083,12.083,12.083,12.083,12.083,12.083,12.083,12.083,12.083,12.083,12.083,12.083,12.083,12.081,2.1939,1.0001,1,1,1,1,1,1,1,1,1,1,1,1,1,1,1,1,1,1,1,1,1,1.3053,12.083,12.083,12.083,12.083,12.083,12.083,12.083,12.083,12.083,12.083,12.083,12.083,12.083,12.083,12.083,12.083,12.083,12.083,12.083,12.083,12.083,12.083,12.054,1.0536,1,1,1,1,1,1,1,1.0236,12.06,12.083,12.083,12.083,12.083,12.083,12.083,12.083,12.083,12.083,12.083,12.083,12.083,12.083,12.083,12.083,12.083,12.083,12.083,12.051,1,1,1,1,1,1,1,1,1,1,1,1,1,1,1,1,1.0017,12.062,12.083,12.083,12.083,12.083,12.083,12.083,12.083,12.083,12.083,12.083,12.083,12.083,12.083,12.083,12.083,12.083,12.083,12.083,12.083,12.083,12.083,12.083,12.083,12.083,12.083,12.083,12.083,12.083,12.083,12.083,12.083,12.083,12.083,12.083,12.083,12.083,12.083,12.083,12.083,12.083,12.083,12.083,12.083,12.083,12.083,12.083,12.083,12.083,1,1,1,1,1,1,1,1,1,1,1,1,1,1,1,1,1,1,1,1,1,1,1,1,12.083,12.083,12.083,12.083,12.083,12.083,12.083,12.083,12.083,12.083,12.083,12.083,12.083,12.083,12.083,12.083,12.083,12.083,12.083,12.083,12.083,12.083
12.083,12.083,12.083,12.083,12.083,12.083,12.083,12.083,12.083,12.083,12.083,12.083,12.083,12.083,12.083,12.083,12.083,12.083,12.083,12.083,12.083,12.083,1,1,1,1,1,1,1,1,1,1,1,1,1,1,1,1,1,1,1,1,1,1,1,1,12.083,12.083,12.083,12.083,12.083,12.083,12.083,12.083,12.083,12.083,12.083,12.083,12.083,12.083,12.083,12.083,12.083,12.083,12.083,12.083,12.083,12.083,12.083,12.083,12.083,12.083,12.083,12.083,12.083,12.083,12.083,12.083,12.083,12.083,12.083,12.083,12.083,12.083,12.083,12.083,12.083,12.083,12.083,12.083,12.083,12.083,12.083,12.083,12.082,1.7876,1,1,1,1,1,1,1,1,1,1,1,1,1,1,1,1,12.07,12.083,12.083,12.083,12.083,12.083,12.083,12.083,12.083,12.083,12.083,12.083,12.083,12.083,12.083,12.083,12.083,12.083,12.083,12.077,1.627,1.0001,1,1,1,1,1,1,1.0337,11.949,12.083,12.083,12.083,12.083,12.083,12.083,12.083,12.083,12.083,12.083,12.083,12.083,12.083,12.083,12.083,12.083,12.083,12.083,12.083,12.083,12.083,12.083,1.1121,1,1,1,1,1,1,1,1,1,1,1,1,1,1,1,1,1,1,1,1,1,1.0002,1.2433,12.074,12.083,12.083,12.083,12.083,12.083,12.083,12.083,12.083,12.083,12.083,12.083,12.083,12.083,12.083,12.083,12.083,12.083,12.083,12.083,12.083,12.083,12.083,12.083,12.083,12.083,12.083,12.083,12.083,12.083,12.083,12.074,1.2433,1.0002,1,1,1,1,1,1,1,1,1,1,1,1,1,1,1,1,1,1,1,1,1,1.1121,12.083,12.083,12.083,12.083,12.083,12.083,12.083,12.083,12.083,12.083,12.083,12.083,12.083,12.083,12.083,12.083,12.083,12.083,12.083,12.083,12.083,12.083,11.949,1.0337,1,1,1,1,1,1,1.0001,1.627,12.077,12.083,12.083,12.083,12.083,12.083,12.083,12.083,12.083,12.083,12.083,12.083,12.083,12.083,12.083,12.083,12.083,12.083,12.083,12.07,1,1,1,1,1,1,1,1,1,1,1,1,1,1,1,1,1.7876,12.082,12.083,12.083,12.083,12.083,12.083,12.083,12.083,12.083,12.083,12.083,12.083,12.083,12.083,12.083,12.083,12.083,12.083,12.083,12.083,12.083,12.083,12.083,12.083,12.083,12.083,12.083,12.083,12.083,12.083,12.083,12.083,12.083,12.083,12.083,12.083,12.083,12.083,12.083,12.083,12.083,12.083,12.083,12.083,12.083,12.083,12.083,12.083,12.083,1,1,1,1,1,1,1,1,1,1,1,1,1,1,1,1,1,1,1,1,1,1,1,1,12.083,12.083,12.083,12.083,12.083,12.083,12.083,12.083,12.083,12.083,12.083,12.083,12.083,12.083,12.083,12.083,12.083,12.083,12.083,12.083,12.083,12.083
12.083,12.083,12.083,12.083,12.083,12.083,12.083,12.083,12.083,12.083,12.083,12.083,12.083,12.083,12.083,12.083,12.083,12.083,12.083,12.083,12.083,12.083,1,1,1,1,1,1,1,1,1,1,1,1,1,1,1,1,1,1,1,1,1,1,1,1,12.083,12.083,12.083,12.083,12.083,12.083,12.083,12.083,12.083,12.083,12.083,12.083,12.083,12.083,12.083,12.083,12.083,12.083,12.083,12.083,12.083,12.083,12.083,12.083,12.083,12.083,12.083,12.083,12.083,12.083,12.083,12.083,12.083,12.083,12.083,12.083,12.083,12.083,12.083,12.083,12.083,12.083,12.083,12.083,12.083,12.083,12.083,12.083,12.083,9.5087,1.0001,1,1,1,1,1,1,1,1,1,1,1,1,1,1,1,12.075,12.083,12.083,12.083,12.083,12.083,12.083,12.083,12.083,12.083,12.083,12.083,12.083,12.083,12.083,12.083,12.083,12.083,12.083,12.081,6.9532,1.0024,1,1,1,1,1,1,1.0408,11.852,12.083,12.083,12.083,12.083,12.083,12.083,12.083,12.083,12.083,12.083,12.083,12.083,12.083,12.083,12.083,12.083,12.083,12.083,12.083,12.083,12.083,12.083,1.067,1,1,1,1,1,1,1,1,1,1,1,1,1,1,1,1.0004,1.0011,1.0002,1,1,1,1.0002,1.1362,12.063,12.083,12.083,12.083,12.083,12.083,12.083,12.083,12.083,12.083,12.083,12.083,12.083,12.083,12.083,12.083,12.083,12.083,12.083,12.083,12.083,12.083,12.083,12.083,12.083,12.083,12.083,12.083,12.083,12.083,12.083,12.063,1.1362,1.0002,1,1,1,1.0002,1.0011,1.0004,1,1,1,1,1,1,1,1,1,1,1,1,1,1,1,1.067,12.083,12.083,12.083,12.083,12.083,12.083,12.083,12.083,12.083,12.083,12.083,12.083,12.083,12.083,12.083,12.083,12.083,12.083,12.083,12.083,12.083,12.083,11.852,1.0408,1,1,1,1,1,1,1.0024,6.9532,12.081,12.083,12.083,12.083,12.083,12.083,12.083,12.083,12.083,12.083,12.083,12.083,12.083,12.083,12.083,12.083,12.083,12.083,12.083,12.075,1,1,1,1,1,1,1,1,1,1,1,1,1,1,1,1.0001,9.5087,12.083,12.083,12.083,12.083,12.083,12.083,12.083,12.083,12.083,12.083,12.083,12.083,12.083,12.083,12.083,12.083,12.083,12.083,12.083,12.083,12.083,12.083,12.083,12.083,12.083,12.083,12.083,12.083,12.083,12.083,12.083,12.083,12.083,12.083,12.083,12.083,12.083,12.083,12.083,12.083,12.083,12.083,12.083,12.083,12.083,12.083,12.083,12.083,12.083,1,1,1,1,1,1,1,1,1,1,1,1,1,1,1,1,1,1,1,1,1,1,1,1,12.083,12.083,12.083,12.083,12.083,12.083,12.083,12.083,12.083,12.083,12.083,12.083,12.083,12.083,12.083,12.083,12.083,12.083,12.083,12.083,12.083,12.083
